Gender,Married,Dependents,Education,Employment_Status,Applicant_Income,Coapplicant_Income,Loan_Amount,Loan_Term_Months,Credit_History,Property_Area,Age,Loan_Status,CIBIL_Score,Annual_Household_Income,Debt_to_Income_Ratio,Purpose_of_Loan,Existing_EMIs,Number_of_Previous_Loans,Default_History_Count,Employment_Length_Years,Asset_Value,Guarantor,Co-signer_Relationship,Monthly_Expense,Organization_Type,Region_Branch,Mobile_Verified,Email_Verified,Loan_to_Annual_Income,Customer_Sentiment,State,Occupation
Male,No,2,Graduate,Salaried,56976,0,8031545,360,1,Urban,36,Approved,699,683712,0.098,Home,5610,0,0,1,744861,No,Friend,30391,Public,KOL-004,No,Yes,11.747,Positive,Delhi,Farmer
Male,No,0,Graduate,Unemployed,1856,0,899361,240,1,Rural,42,Rejected,707,22272,4.939,Business,9166,1,0,0,0,No,Sibling,1856,Startup,DEL-001,No,Yes,40.381,Negative,Punjab,Civil Engineer
Female,Yes,0,Graduate,Salaried,64553,0,2387748,60,1,Rural,38,Approved,641,774636,0.0,Business,0,2,0,1,2913766,No,Unknown,24557,Private,BLR-003,Yes,Yes,3.082,Positive,Maharashtra,Medical Representative
Male,No,0,Graduate,Salaried,88450,0,658856,12,1,Semiurban,32,Approved,677,1061400,0.301,Personal,26613,1,0,3,3488244,No,Friend,36750,Startup,KOL-004,Yes,Yes,0.621,Negative,Gujarat,Marketing Executive
Male,Yes,3,Graduate,Self-Employed,9539,0,198671,36,0,Semiurban,35,Approved,594,114468,0.0,Personal,0,0,0,2,472179,No,Parent,3920,Public,BLR-003,Yes,Yes,1.736,Neutral,West Bengal,Shopkeeper
Male,Yes,1,Graduate,Salaried,39184,0,494949,36,1,Rural,24,Approved,682,470208,0.469,Auto,18373,0,0,1,1399683,No,Unknown,17773,MNC,BLR-003,Yes,Yes,1.053,Negative,West Bengal,Farmer
Female,Yes,0,Not Graduate,Salaried,81223,0,1565649,120,1,Semiurban,43,Approved,693,974676,0.646,Business,52446,0,0,12,2068763,No,Unknown,37145,MNC,HYD-005,Yes,Yes,1.606,Positive,Maharashtra,Factory Worker
Female,No,0,Graduate,Unemployed,0,0,5879217,120,1,Semiurban,27,Rejected,723,0,712.0,Home,712,0,0,0,662552,No,Spouse,0,Government,DEL-001,Yes,Yes,100.0,Positive,Maharashtra,Shopkeeper
Male,Yes,3,Graduate,Unemployed,17675,0,1015184,48,0,Urban,30,Rejected,593,212100,1.557,Auto,27513,0,0,1,574233,No,Unknown,11655,Private,KOL-004,Yes,Yes,4.786,Positive,Delhi,Chartered Accountant
Male,No,3,Graduate,Salaried,71409,0,128951,24,0,Rural,39,Approved,538,856908,0.0,Personal,0,1,0,1,2804582,No,Friend,26217,Startup,BLR-003,Yes,Yes,0.15,Positive,West Bengal,Bank Officer
Female,Yes,0,Not Graduate,Self-Employed,25553,21419,974613,360,0,Semiurban,36,Rejected,659,563664,0.501,Home,23520,0,2,0,1615374,No,Friend,11011,Private,CHN-007,Yes,Yes,1.729,Negative,Kerala,Nurse
Female,No,1,Graduate,Salaried,38126,0,846670,240,1,Rural,32,Approved,773,457512,0.591,Business,22545,1,0,1,1253840,Yes,Sibling,26516,Startup,DEL-001,Yes,Yes,1.851,Neutral,Tamil Nadu,Farmer
Male,No,1,Graduate,Salaried,63115,0,6941488,300,1,Rural,36,Approved,811,757380,0.278,Home,17521,0,0,8,1296096,No,Unknown,25969,MNC,MUM-002,Yes,Yes,9.165,Neutral,Tamil Nadu,Delivery Partner
Male,No,1,Not Graduate,Self-Employed,17960,17074,287671,360,0,Urban,64,Approved,598,420408,0.0,Business,0,0,1,4,1810612,Yes,Parent,14135,Private,PUNE-006,Yes,Yes,0.684,Neutral,Gujarat,Driver
Female,Yes,0,Not Graduate,Retired,53684,0,8195681,240,1,Urban,27,Approved,716,644208,0.711,Home,38162,2,0,0,887615,No,Parent,33009,Public,CHN-007,Yes,Yes,12.722,Negative,Gujarat,Medical Representative
Male,Yes,2,Graduate,Salaried,56092,57453,347497,24,1,Urban,37,Approved,719,1362540,0.165,Medical,18724,0,0,1,4826746,No,Parent,46697,Government,HYD-005,Yes,Yes,0.255,Neutral,Tamil Nadu,Small Business Owner
Male,Yes,1,Graduate,Salaried,29319,0,1545607,180,0,Rural,26,Rejected,604,351828,0.777,Business,22783,0,1,3,1198071,Yes,Spouse,9684,Private,HYD-005,Yes,Yes,4.393,Negative,Punjab,Delivery Partner
Male,No,2,Graduate,Self-Employed,10609,0,180121,36,0,Urban,45,Rejected,637,127308,0.0,Personal,0,2,1,5,1224266,No,Spouse,2000,Public,BLR-003,Yes,Yes,1.415,Neutral,Karnataka,IT Consultant
Male,No,0,Not Graduate,Salaried,38270,28204,3411529,360,1,Semiurban,18,Rejected,699,797688,0.706,Business,46922,1,0,0,1968803,Yes,Unknown,25232,Public,KOL-004,Yes,Yes,4.277,Negative,West Bengal,Factory Worker
Female,Yes,1,Not Graduate,Salaried,43293,51761,7633475,180,1,Semiurban,19,Approved,759,1140648,0.0,Home,0,1,0,2,3178586,No,Unknown,49446,MNC,HYD-005,Yes,No,6.692,Negative,Maharashtra,Small Business Owner
Male,Yes,0,Graduate,Salaried,48611,0,52825,36,1,Urban,30,Approved,729,583332,0.926,Personal,44997,0,0,2,1632336,No,Friend,24955,Public,KOL-004,Yes,Yes,0.091,Positive,Kerala,Customer Support Executive
Male,Yes,0,Graduate,Self-Employed,15509,0,342795,12,1,Urban,42,Rejected,609,186108,2.065,Medical,32027,1,0,1,942687,No,Company,3077,Public,PUNE-006,Yes,Yes,1.842,Neutral,Delhi,Civil Engineer
Female,Yes,0,Graduate,Self-Employed,56486,60769,5670008,300,0,Urban,43,Approved,577,1407060,0.008,Home,948,1,0,1,5408344,No,Parent,57837,Government,MUM-002,Yes,Yes,4.03,Positive,Delhi,Shopkeeper
Male,No,0,Graduate,Salaried,97735,0,1673966,360,0,Urban,34,Approved,715,1172820,0.339,Business,33157,0,2,5,3481206,No,Sibling,50190,MNC,PUNE-006,No,Yes,1.427,Positive,Karnataka,Teacher
Male,No,2,Graduate,Salaried,45050,0,395365,24,1,Rural,38,Rejected,797,540600,1.22,Personal,54940,0,0,0,1585962,No,Unknown,15153,Private,HYD-005,Yes,No,0.731,Positive,Gujarat,Farmer
Male,No,1,Not Graduate,Salaried,34900,0,4044564,360,1,Urban,31,Approved,638,418800,0.247,Home,8618,1,0,5,1730208,No,Parent,6351,Private,DEL-001,Yes,Yes,9.658,Negative,Punjab,Bank Officer
Female,No,0,Not Graduate,Self-Employed,9381,0,319925,36,1,Rural,27,Rejected,669,112572,1.987,Education,18637,0,0,0,161653,No,Sibling,2094,Public,DEL-001,Yes,Yes,2.842,Negative,Maharashtra,Nurse
Female,Yes,0,Not Graduate,Self-Employed,3000,0,73556,36,0,Urban,26,Rejected,486,36000,6.873,Education,20619,0,1,1,856022,No,Unknown,3000,Government,KOL-004,Yes,No,2.043,Neutral,West Bengal,Marketing Executive
Female,Yes,1,Graduate,Salaried,54597,0,320019,12,1,Rural,21,Approved,737,655164,0.295,Personal,16114,1,0,1,1459439,No,Unknown,16294,Public,CHN-007,Yes,Yes,0.488,Negative,Uttar Pradesh,Software Engineer
Male,Yes,0,Graduate,Salaried,43481,0,2982596,300,0,Semiurban,32,Rejected,564,521772,0.044,Home,1897,2,0,1,1639761,No,Parent,26314,MNC,DEL-001,Yes,Yes,5.716,Positive,Gujarat,Electrician
Male,No,1,Graduate,Salaried,89792,53231,5329197,240,0,Rural,44,Rejected,673,1716276,0.079,Home,11321,2,2,0,4061666,Yes,Sibling,55817,MNC,BLR-003,Yes,Yes,3.105,Positive,Karnataka,Medical Representative
Male,No,2,Not Graduate,Salaried,22973,19443,365226,24,1,Semiurban,50,Approved,746,508992,0.0,Medical,0,2,0,0,650422,No,Parent,8677,Startup,BLR-003,No,Yes,0.718,Positive,Karnataka,Civil Engineer
Male,No,1,Graduate,Salaried,92535,0,317539,24,0,Semiurban,51,Approved,758,1110420,0.0,Personal,0,0,1,3,3806349,No,Unknown,44338,Private,PUNE-006,Yes,Yes,0.286,Positive,West Bengal,Shopkeeper
Male,No,2,Graduate,Self-Employed,39270,0,4525695,300,1,Semiurban,33,Rejected,633,471240,0.793,Home,31131,1,0,2,1512999,Yes,Unknown,21793,Government,CHN-007,Yes,No,9.604,Positive,West Bengal,Driver
Male,Yes,0,Graduate,Salaried,55899,0,5698029,300,1,Urban,32,Approved,636,670788,0.0,Home,0,0,0,3,1540018,Yes,Spouse,36669,Startup,KOL-004,No,Yes,8.495,Positive,West Bengal,Customer Support Executive
Male,No,0,Graduate,Salaried,33527,0,2059790,240,1,Rural,33,Rejected,686,402324,1.092,Business,36615,1,0,0,1310815,No,Unknown,17320,Public,BLR-003,No,Yes,5.12,Negative,Kerala,Bank Officer
Male,Yes,1,Graduate,Salaried,28605,0,1896751,48,0,Semiurban,40,Rejected,522,343260,1.534,Auto,43883,2,0,2,1534848,No,Sibling,11890,Public,PUNE-006,Yes,Yes,5.526,Neutral,Gujarat,Factory Worker
Male,No,0,Graduate,Self-Employed,33983,0,210899,24,0,Semiurban,27,Rejected,562,407796,1.297,Renovation,44067,1,0,1,764062,No,Parent,14067,Startup,KOL-004,No,Yes,0.517,Neutral,Uttar Pradesh,Electrician
Female,No,1,Not Graduate,Retired,23543,0,1554318,120,0,Rural,18,Rejected,579,282516,0.528,Business,12435,0,1,5,1105184,Yes,Sibling,16565,Startup,MUM-002,Yes,Yes,5.502,Positive,Telangana,Chartered Accountant
Female,Yes,0,Graduate,Salaried,129184,0,3912394,180,1,Urban,34,Approved,663,1550208,0.206,Home,26676,4,0,1,4251475,No,Company,53928,Startup,HYD-005,Yes,No,2.524,Positive,Kerala,Nurse
Male,Yes,2,Graduate,Self-Employed,3000,0,1962548,240,1,Rural,38,Rejected,686,36000,10.47,Business,31409,2,0,0,87189,No,Spouse,3000,Government,HYD-005,Yes,Yes,54.515,Positive,Telangana,Small Business Owner
Male,Yes,0,Graduate,Salaried,60010,0,4336408,240,1,Semiurban,29,Approved,637,720120,0.313,Home,18794,0,0,0,2714054,No,Unknown,29597,Startup,BLR-003,Yes,Yes,6.022,Positive,Maharashtra,Marketing Executive
Male,No,0,Not Graduate,Retired,30506,11887,4606884,360,0,Urban,29,Approved,570,508716,0.0,Home,0,1,0,4,1437277,No,Spouse,20295,Government,BLR-003,Yes,No,9.056,Positive,Tamil Nadu,Small Business Owner
Female,Yes,1,Graduate,Salaried,48860,0,5730018,240,1,Semiurban,46,Approved,643,586320,0.337,Home,16484,0,0,1,1930322,No,Unknown,24270,Startup,CHN-007,Yes,Yes,9.773,Positive,Punjab,Driver
Male,No,0,Graduate,Salaried,62285,4323,1261833,48,0,Semiurban,36,Rejected,555,799296,0.815,Auto,54256,0,2,3,3005465,No,Unknown,33684,Government,PUNE-006,Yes,Yes,1.579,Neutral,Tamil Nadu,Driver
Male,No,1,Graduate,Salaried,27205,0,4192441,180,1,Urban,27,Approved,781,326460,0.488,Home,13277,0,0,4,1299801,No,Spouse,13619,Government,BLR-003,Yes,No,12.842,Negative,Punjab,Bank Officer
Female,No,2,Not Graduate,Salaried,52863,0,490029,36,1,Rural,35,Approved,674,634356,0.941,Personal,49719,0,0,0,1387279,No,Friend,21141,Government,KOL-004,Yes,Yes,0.772,Neutral,Gujarat,Shopkeeper
Male,Yes,0,Not Graduate,Salaried,53000,0,376708,36,1,Urban,38,Approved,842,636000,0.672,Personal,35626,1,0,0,2114109,No,Friend,30434,Public,BLR-003,Yes,No,0.592,Negative,Telangana,Chartered Accountant
Male,No,0,Not Graduate,Salaried,91498,0,1310257,48,1,Urban,35,Approved,616,1097976,0.14,Auto,12853,0,0,2,4199774,Yes,Friend,45597,Private,DEL-001,Yes,No,1.193,Positive,Maharashtra,Software Engineer
Male,Yes,2,Graduate,Salaried,47655,0,367306,36,1,Rural,51,Approved,757,571860,0.0,Education,0,1,0,1,912808,No,Unknown,19106,Startup,BLR-003,Yes,Yes,0.642,Positive,Delhi,Marketing Executive
Male,Yes,1,Graduate,Salaried,92893,0,454376,36,1,Semiurban,40,Approved,696,1114716,0.176,Personal,16355,0,0,1,2811366,Yes,Spouse,42260,Public,MUM-002,Yes,Yes,0.408,Neutral,Karnataka,Factory Worker
Female,Yes,1,Not Graduate,Unemployed,1519,0,492593,36,0,Urban,37,Rejected,687,18228,13.925,Personal,21152,0,1,0,648199,No,Parent,1519,Startup,MUM-002,No,Yes,27.024,Positive,Tamil Nadu,Farmer
Other,No,0,Graduate,Salaried,80579,0,438846,60,1,Rural,18,Approved,718,966948,0.096,Personal,7715,1,0,3,3455474,No,Friend,28950,Government,KOL-004,Yes,Yes,0.454,Neutral,Punjab,Driver
Male,No,1,Graduate,Salaried,94207,0,618302,36,1,Semiurban,38,Approved,740,1130484,0.155,Auto,14601,0,0,2,4611328,No,Unknown,41129,Government,BLR-003,Yes,No,0.547,Positive,Karnataka,Software Engineer
Male,No,1,Graduate,Unemployed,27646,27412,1816200,360,1,Rural,42,Approved,617,660696,0.248,Business,13672,1,0,0,2238858,No,Spouse,24056,Private,KOL-004,Yes,Yes,2.749,Neutral,Delhi,Electrician
Male,Yes,1,Not Graduate,Self-Employed,23796,0,418580,240,0,Urban,28,Approved,580,285552,0.0,Business,0,3,0,0,262856,No,Unknown,12257,MNC,DEL-001,Yes,Yes,1.466,Positive,Gujarat,Electrician
Male,Yes,1,Not Graduate,Salaried,33925,0,635540,36,1,Urban,28,Approved,696,407100,0.116,Personal,3928,1,0,0,2035498,Yes,Spouse,9762,Private,CHN-007,Yes,Yes,1.561,Negative,Punjab,Shopkeeper
Male,No,0,Graduate,Self-Employed,31372,0,501237,360,1,Rural,46,Approved,748,376464,0.0,Home,0,1,0,0,1476595,Yes,Sibling,10439,Startup,KOL-004,Yes,Yes,1.331,Positive,West Bengal,Farmer
Male,No,3,Graduate,Self-Employed,121176,91769,1633540,360,1,Rural,42,Approved,619,2555340,0.056,Business,11950,1,0,0,7000403,Yes,Sibling,93071,Public,KOL-004,Yes,Yes,0.639,Positive,Gujarat,Farmer
Other,No,0,Not Graduate,Salaried,39035,0,2666302,360,1,Semiurban,34,Approved,727,468420,0.042,Business,1638,0,0,0,886972,No,Friend,24131,Private,MUM-002,Yes,No,5.692,Positive,Uttar Pradesh,Small Business Owner
Female,Yes,3,Not Graduate,Self-Employed,68621,67270,5165284,180,1,Semiurban,29,Approved,684,1630692,0.05,Home,6758,3,0,0,5657451,Yes,Spouse,67244,Government,MUM-002,Yes,Yes,3.168,Positive,Kerala,Civil Engineer
Male,Yes,1,Graduate,Self-Employed,25617,7861,2894984,300,1,Rural,42,Approved,706,401736,0.729,Home,24412,1,0,1,1809112,No,Unknown,13481,Public,PUNE-006,Yes,Yes,7.206,Positive,Telangana,Customer Support Executive
Male,Yes,2,Graduate,Salaried,30088,16580,3694530,300,1,Urban,39,Approved,655,560016,0.0,Home,0,0,0,5,2046220,No,Friend,14809,MNC,PUNE-006,Yes,No,6.597,Negative,Uttar Pradesh,Delivery Partner
Male,No,0,Not Graduate,Self-Employed,45832,0,1884,48,1,Rural,35,Approved,657,549984,0.207,Personal,9485,1,0,0,1779561,No,Friend,20009,Private,HYD-005,Yes,Yes,0.003,Negative,West Bengal,Chartered Accountant
Female,No,2,Graduate,Salaried,81379,54960,305955,48,0,Rural,41,Approved,525,1636068,0.0,Personal,0,1,2,0,4467973,No,Sibling,59809,Startup,KOL-004,Yes,Yes,0.187,Positive,Telangana,Bank Officer
Male,No,0,Graduate,Salaried,29274,0,880680,36,1,Rural,39,Approved,602,351288,0.163,Auto,4770,2,0,14,447635,No,Parent,18850,Public,HYD-005,Yes,Yes,2.507,Positive,Uttar Pradesh,Teacher
Male,No,0,Graduate,Self-Employed,65720,23603,354673,24,0,Rural,40,Approved,597,1071876,0.073,Renovation,6516,1,0,2,4121315,No,Friend,43313,MNC,CHN-007,Yes,Yes,0.331,Positive,Telangana,Customer Support Executive
Male,No,0,Graduate,Self-Employed,66933,0,8589894,300,0,Semiurban,26,Approved,561,803196,0.042,Home,2804,0,0,0,1856433,No,Sibling,28681,Startup,KOL-004,Yes,Yes,10.695,Positive,Telangana,Shopkeeper
Male,No,0,Graduate,Salaried,36203,0,12674597,300,1,Urban,18,Approved,789,434436,1.443,Home,52226,2,0,5,894208,Yes,Parent,16274,Public,PUNE-006,Yes,Yes,29.175,Neutral,Punjab,Marketing Executive
Male,Yes,0,Graduate,Self-Employed,52935,0,95162,36,1,Rural,19,Approved,634,635220,0.984,Medical,52081,1,0,2,2450034,Yes,Parent,24525,MNC,BLR-003,No,Yes,0.15,Negative,Maharashtra,Teacher
Male,Yes,1,Graduate,Unemployed,15273,17887,319981,12,1,Urban,28,Approved,633,397920,0.54,Medical,17919,0,0,3,694103,No,Spouse,19353,Public,PUNE-006,Yes,Yes,0.804,Negative,Punjab,Factory Worker
Male,Yes,0,Not Graduate,Salaried,5000,4768,313398,60,1,Urban,22,Rejected,712,117216,2.592,Medical,25318,0,0,11,0,No,Friend,5863,Government,BLR-003,No,Yes,2.674,Positive,Punjab,Civil Engineer
Male,No,0,Graduate,Self-Employed,53105,32609,587708,36,0,Rural,25,Approved,583,1028568,0.224,Personal,19196,1,0,3,2976838,No,Sibling,47420,Startup,CHN-007,Yes,Yes,0.571,Negative,Karnataka,Factory Worker
Female,Yes,0,Graduate,Salaried,53066,66325,1208188,360,1,Semiurban,39,Approved,722,1432692,0.0,Business,0,1,0,2,4259157,No,Spouse,58917,Public,BLR-003,Yes,No,0.843,Negative,Tamil Nadu,Small Business Owner
Male,Yes,2,Graduate,Salaried,21455,0,1014230,48,1,Urban,38,Approved,669,257460,0.0,Auto,0,1,0,0,2044213,Yes,Parent,10568,Startup,BLR-003,Yes,Yes,3.939,Negative,Maharashtra,Driver
Male,No,1,Graduate,Salaried,36438,0,537477,36,1,Semiurban,18,Rejected,680,437256,1.833,Personal,66791,1,0,5,1164067,No,Company,14878,Startup,KOL-004,Yes,Yes,1.229,Neutral,Punjab,Software Engineer
Male,No,2,Graduate,Salaried,40206,0,577589,240,0,Rural,40,Approved,665,482472,0.0,Business,0,1,2,3,1633633,No,Friend,14142,Startup,CHN-007,Yes,No,1.197,Negative,Gujarat,Nurse
Male,No,0,Graduate,Salaried,38127,0,368522,24,1,Urban,29,Approved,717,457524,0.509,Personal,19401,1,0,0,1545660,No,Parent,10588,MNC,PUNE-006,Yes,No,0.805,Positive,Karnataka,Electrician
Male,No,3,Graduate,Unemployed,12104,0,1240453,60,1,Rural,25,Rejected,615,145248,2.708,Business,32773,0,0,0,619387,Yes,Spouse,12104,Private,KOL-004,Yes,Yes,8.54,Negative,Maharashtra,Medical Representative
Female,No,1,Graduate,Unemployed,0,0,1331178,60,1,Rural,34,Rejected,731,0,16401.0,Business,16401,0,0,1,132577,No,Unknown,0,Private,HYD-005,Yes,Yes,100.0,Positive,Delhi,Small Business Owner
Female,Yes,1,Graduate,Salaried,71887,0,2103506,300,0,Urban,23,Approved,727,862644,0.217,Home,15603,1,1,2,2893503,No,Spouse,28636,Startup,PUNE-006,Yes,Yes,2.438,Positive,West Bengal,Delivery Partner
Male,Yes,1,Graduate,Salaried,112111,0,797002,60,1,Urban,35,Approved,692,1345332,0.187,Business,20958,0,0,1,3789820,Yes,Parent,43735,MNC,DEL-001,Yes,Yes,0.592,Neutral,Kerala,Civil Engineer
Female,Yes,1,Not Graduate,Salaried,5000,0,1843844,180,1,Urban,40,Rejected,707,60000,6.075,Business,30377,1,0,0,447586,No,Parent,5000,Startup,MUM-002,Yes,Yes,30.731,Positive,Uttar Pradesh,Chartered Accountant
Male,Yes,0,Not Graduate,Self-Employed,3000,0,9232797,300,0,Urban,46,Rejected,663,36000,6.378,Home,19134,2,1,0,0,No,Friend,2000,Public,HYD-005,Yes,Yes,256.467,Neutral,West Bengal,Farmer
Female,Yes,1,Graduate,Salaried,28345,0,405613,48,0,Rural,31,Rejected,527,340140,0.874,Personal,24773,1,0,2,1606042,No,Friend,7300,MNC,CHN-007,Yes,No,1.192,Neutral,Tamil Nadu,Nurse
Male,No,1,Graduate,Salaried,7914,0,477651,36,1,Urban,32,Rejected,619,94968,6.675,Auto,52827,0,0,0,558046,No,Spouse,3593,Government,BLR-003,Yes,Yes,5.03,Neutral,Gujarat,Medical Representative
Female,Yes,0,Graduate,Salaried,89966,0,880759,36,0,Urban,30,Approved,772,1079592,0.0,Auto,0,0,2,0,2335973,No,Unknown,45795,MNC,BLR-003,Yes,Yes,0.816,Positive,Telangana,Chartered Accountant
Female,Yes,0,Graduate,Salaried,101852,0,116123,60,1,Rural,30,Approved,733,1222224,0.205,Personal,20837,1,0,1,3651599,No,Spouse,42994,Government,HYD-005,Yes,Yes,0.095,Positive,West Bengal,Chartered Accountant
Male,No,0,Not Graduate,Unemployed,7607,5711,294147,48,1,Urban,39,Approved,739,159816,0.0,Personal,0,0,0,2,599683,No,Friend,2000,Government,HYD-005,No,Yes,1.841,Negative,Kerala,Software Engineer
Male,No,0,Graduate,Self-Employed,62582,17966,1760927,120,1,Rural,43,Approved,717,966576,0.406,Home,32709,1,0,2,3441991,No,Company,38696,Private,PUNE-006,Yes,No,1.822,Neutral,Uttar Pradesh,Delivery Partner
Male,Yes,1,Graduate,Salaried,62827,0,1680583,240,0,Semiurban,42,Approved,595,753924,0.285,Business,17904,0,0,3,2749297,Yes,Parent,38819,MNC,HYD-005,Yes,Yes,2.229,Positive,Delhi,Small Business Owner
Male,Yes,1,Not Graduate,Self-Employed,3000,884,7488424,240,1,Semiurban,38,Rejected,654,46608,2.864,Home,11123,1,0,1,278512,No,Spouse,3884,Public,MUM-002,Yes,Yes,160.668,Neutral,Tamil Nadu,Customer Support Executive
Male,No,2,Not Graduate,Salaried,21109,0,5195804,300,1,Rural,39,Approved,625,253308,0.052,Home,1105,1,0,1,760027,Yes,Parent,9452,Private,CHN-007,Yes,Yes,20.512,Negative,Kerala,Nurse
Female,Yes,1,Not Graduate,Salaried,45652,0,75912,60,1,Urban,31,Approved,710,547824,0.0,Renovation,0,1,0,5,1698916,No,Spouse,23293,MNC,DEL-001,Yes,Yes,0.139,Positive,Kerala,Customer Support Executive
Male,Yes,2,Graduate,Salaried,60198,0,275004,24,0,Semiurban,41,Approved,576,722376,0.066,Personal,3989,0,0,4,2784688,No,Spouse,25488,Private,PUNE-006,Yes,No,0.381,Neutral,Uttar Pradesh,Farmer
Male,No,0,Not Graduate,Retired,8922,4127,1585878,36,1,Rural,56,Approved,630,156588,1.323,Auto,17269,2,0,3,615629,No,Company,4956,Public,BLR-003,Yes,Yes,10.128,Negative,Uttar Pradesh,Teacher
Female,Yes,0,Not Graduate,Salaried,69615,29461,1163926,240,1,Rural,40,Approved,615,1188912,0.113,Business,11165,0,0,1,2963600,No,Spouse,38182,Private,PUNE-006,Yes,Yes,0.979,Negative,Punjab,Civil Engineer
Male,No,2,Not Graduate,Salaried,99781,0,4690235,360,0,Rural,29,Rejected,631,1197372,0.0,Home,0,1,1,9,3707466,Yes,Parent,41590,Public,DEL-001,Yes,Yes,3.917,Negative,Uttar Pradesh,Nurse
Female,Yes,3,Graduate,Self-Employed,83511,0,2303560,300,1,Semiurban,54,Approved,680,1002132,0.287,Home,23992,1,0,1,2202565,No,Friend,38503,MNC,PUNE-006,Yes,Yes,2.299,Negative,Punjab,Small Business Owner
Male,No,1,Not Graduate,Self-Employed,3000,1812,336988,36,0,Rural,27,Rejected,553,57744,4.305,Personal,20718,1,1,2,0,No,Spouse,2000,Public,MUM-002,Yes,Yes,5.836,Neutral,Uttar Pradesh,Civil Engineer
Male,No,2,Graduate,Salaried,82923,0,9177416,240,0,Urban,27,Rejected,579,995076,0.464,Home,38505,2,0,1,3287485,No,Company,36546,Private,HYD-005,Yes,Yes,9.223,Positive,Maharashtra,Factory Worker
Male,No,3,Graduate,Salaried,106418,50764,4746311,240,1,Urban,41,Approved,750,1886184,0.01,Home,1554,2,0,6,5521703,No,Unknown,66712,Private,DEL-001,Yes,Yes,2.516,Neutral,Kerala,Civil Engineer
Female,Yes,0,Graduate,Self-Employed,32371,0,389347,180,1,Rural,43,Approved,694,388452,0.872,Business,28239,2,0,1,1211445,No,Parent,12984,Government,HYD-005,Yes,Yes,1.002,Neutral,Uttar Pradesh,Farmer
Male,Yes,0,Graduate,Unemployed,13956,0,1768962,36,1,Semiurban,26,Rejected,612,167472,2.304,Auto,32155,0,0,0,208396,No,Unknown,11815,Startup,CHN-007,Yes,Yes,10.563,Negative,Delhi,Nurse
Male,No,2,Graduate,Salaried,86493,0,160307,300,1,Urban,44,Approved,703,1037916,0.0,Home,0,3,0,2,3639721,No,Spouse,33931,Private,CHN-007,Yes,Yes,0.154,Negative,Delhi,Small Business Owner
Male,Yes,2,Graduate,Salaried,74888,33902,308053,24,1,Rural,39,Approved,633,1305480,0.195,Education,21234,1,0,1,4562141,No,Unknown,32021,Private,BLR-003,Yes,Yes,0.236,Positive,Tamil Nadu,Civil Engineer
Male,No,2,Graduate,Retired,43718,58043,1539936,120,1,Rural,45,Approved,755,1221132,0.195,Business,19872,0,0,6,3423977,No,Unknown,41478,Government,DEL-001,Yes,Yes,1.261,Positive,Maharashtra,Marketing Executive
Male,Yes,0,Graduate,Salaried,98367,0,7028930,300,1,Semiurban,34,Approved,652,1180404,0.125,Home,12252,2,0,3,3234093,Yes,Spouse,45088,Startup,PUNE-006,Yes,Yes,5.955,Negative,Punjab,Government Officer
Male,No,0,Not Graduate,Unemployed,7781,0,4198231,300,1,Urban,35,Rejected,678,93372,2.04,Home,15877,0,0,0,0,No,Sibling,3685,Government,MUM-002,Yes,Yes,44.962,Positive,Gujarat,Chartered Accountant
Female,Yes,0,Graduate,Salaried,59898,84954,2271038,180,1,Urban,44,Approved,811,1738224,0.0,Business,0,1,0,0,5147727,No,Spouse,60148,Government,HYD-005,Yes,Yes,1.307,Positive,Tamil Nadu,IT Consultant
Male,No,1,Not Graduate,Salaried,79239,0,467440,48,1,Rural,39,Approved,690,950868,0.365,Auto,28951,1,0,5,3001532,No,Parent,45484,Public,KOL-004,Yes,Yes,0.492,Positive,Kerala,Software Engineer
Female,Yes,0,Graduate,Salaried,92625,0,339839,24,1,Urban,27,Approved,701,1111500,0.27,Education,24993,2,0,4,3411668,Yes,Parent,50240,Private,HYD-005,Yes,Yes,0.306,Negative,Delhi,Government Officer
Male,No,0,Not Graduate,Self-Employed,3000,0,69275,48,0,Urban,47,Rejected,560,36000,5.757,Personal,17272,1,0,2,321548,Yes,Sibling,2000,Public,DEL-001,Yes,Yes,1.924,Neutral,Tamil Nadu,Government Officer
Female,No,2,Not Graduate,Self-Employed,87579,44170,673923,24,1,Rural,35,Approved,633,1580988,0.0,Medical,0,1,0,4,5027671,No,Parent,62825,Private,DEL-001,Yes,Yes,0.426,Neutral,West Bengal,Delivery Partner
Male,Yes,2,Not Graduate,Salaried,5000,889,1964891,360,1,Semiurban,18,Approved,762,70668,0.0,Home,0,0,0,5,0,No,Unknown,4521,Private,PUNE-006,Yes,No,27.805,Positive,Tamil Nadu,Nurse
Male,Yes,0,Graduate,Salaried,37290,12518,6346069,360,0,Urban,47,Rejected,598,597696,0.926,Home,46120,1,0,4,2653011,Yes,Parent,33595,MNC,CHN-007,Yes,Yes,10.618,Neutral,Telangana,Marketing Executive
Male,No,1,Graduate,Self-Employed,78237,0,2215952,240,1,Urban,44,Approved,726,938844,0.299,Business,23377,1,0,3,3274240,No,Sibling,40573,Private,BLR-003,Yes,Yes,2.36,Neutral,Delhi,Customer Support Executive
Female,Yes,0,Graduate,Self-Employed,149266,0,7545292,360,1,Rural,29,Approved,666,1791192,0.0,Home,0,0,0,4,5041923,Yes,Unknown,66834,Government,PUNE-006,Yes,Yes,4.212,Positive,Delhi,Electrician
Male,Yes,0,Not Graduate,Salaried,57893,0,461125,24,1,Semiurban,39,Approved,788,694716,0.0,Education,0,1,0,3,2418472,No,Friend,21461,Startup,PUNE-006,Yes,No,0.664,Negative,Maharashtra,Bank Officer
Male,No,0,Graduate,Self-Employed,90460,31468,1975833,240,1,Urban,36,Approved,657,1463136,0.263,Home,32012,1,0,3,3480287,No,Parent,44498,Private,CHN-007,Yes,Yes,1.35,Neutral,Tamil Nadu,Bank Officer
Female,Yes,1,Graduate,Self-Employed,3000,0,803228,60,1,Rural,22,Rejected,675,36000,8.88,Business,26640,1,0,0,0,No,Parent,2000,MNC,CHN-007,No,Yes,22.312,Positive,West Bengal,Nurse
Female,No,3,Not Graduate,Unemployed,27595,3572,4112244,120,1,Semiurban,21,Rejected,672,374004,1.187,Home,36987,0,0,0,1364091,Yes,Sibling,5268,Government,DEL-001,Yes,Yes,10.995,Negative,Telangana,Chartered Accountant
Female,Yes,0,Graduate,Unemployed,6348,0,6681444,360,1,Rural,23,Rejected,713,76176,4.334,Home,27510,1,0,1,0,No,Spouse,6348,MNC,CHN-007,Yes,Yes,87.711,Neutral,Maharashtra,Customer Support Executive
Male,Yes,2,Graduate,Self-Employed,70367,0,9662481,360,1,Rural,27,Approved,680,844404,0.456,Home,32079,3,0,0,1957704,Yes,Company,32636,Startup,HYD-005,Yes,Yes,11.443,Negative,Maharashtra,Driver
Female,No,0,Not Graduate,Unemployed,13036,3627,1753165,360,1,Semiurban,33,Rejected,616,199956,1.885,Business,31406,1,0,5,501634,No,Unknown,4166,Startup,MUM-002,Yes,Yes,8.768,Neutral,Delhi,Factory Worker
Male,Yes,1,Not Graduate,Salaried,39715,0,3547851,120,1,Rural,36,Approved,734,476580,0.152,Home,6025,0,0,11,1855274,No,Sibling,25374,Public,PUNE-006,Yes,Yes,7.444,Negative,Karnataka,Teacher
Male,No,0,Graduate,Salaried,47474,0,1251789,60,1,Rural,21,Approved,639,569688,0.603,Auto,28633,0,0,0,2131642,No,Company,4739,Government,KOL-004,Yes,No,2.197,Negative,Punjab,Factory Worker
Female,Yes,1,Not Graduate,Unemployed,8343,0,1337870,60,1,Rural,31,Rejected,645,100116,2.742,Auto,22877,2,0,2,416645,No,Parent,2655,MNC,PUNE-006,No,Yes,13.363,Negative,Punjab,Nurse
Female,Yes,2,Graduate,Salaried,25098,0,5406207,300,1,Semiurban,26,Approved,644,301176,0.0,Home,0,2,0,0,637197,No,Friend,8112,Public,BLR-003,Yes,Yes,17.95,Neutral,Uttar Pradesh,Civil Engineer
Female,Yes,0,Not Graduate,Self-Employed,88024,0,2107245,360,1,Urban,28,Approved,606,1056288,0.502,Business,44230,1,0,0,4373888,No,Sibling,40718,MNC,CHN-007,Yes,Yes,1.995,Neutral,Gujarat,Marketing Executive
Female,No,0,Not Graduate,Self-Employed,64266,0,5297379,300,1,Rural,46,Approved,676,771192,0.033,Home,2129,0,0,7,2421046,Yes,Spouse,29410,Private,DEL-001,Yes,Yes,6.869,Neutral,Tamil Nadu,Small Business Owner
Male,Yes,1,Graduate,Self-Employed,18689,0,433272,48,1,Rural,27,Rejected,636,224268,1.527,Auto,28542,0,0,3,1110827,No,Parent,15773,Government,PUNE-006,Yes,Yes,1.932,Neutral,Gujarat,Shopkeeper
Female,No,1,Graduate,Salaried,18715,3615,7823773,300,1,Urban,32,Rejected,704,267960,0.908,Home,20285,0,0,1,706040,No,Spouse,17442,Public,CHN-007,Yes,No,29.198,Positive,Telangana,Teacher
Male,No,3,Graduate,Unemployed,12751,0,1909417,300,1,Semiurban,36,Rejected,733,153012,1.117,Home,14237,1,0,0,1370120,No,Spouse,2000,Government,PUNE-006,Yes,Yes,12.479,Positive,Kerala,Teacher
Male,Yes,2,Not Graduate,Salaried,21744,34022,603278,12,1,Semiurban,39,Approved,672,669192,0.485,Renovation,27042,1,0,1,1386695,No,Unknown,24764,Public,CHN-007,Yes,Yes,0.902,Positive,Kerala,Driver
Male,No,0,Graduate,Salaried,60739,0,386677,24,1,Semiurban,18,Approved,734,728868,0.055,Personal,3328,0,0,1,2803512,No,Parent,27009,MNC,CHN-007,Yes,Yes,0.531,Neutral,Tamil Nadu,Customer Support Executive
Female,Yes,0,Graduate,Unemployed,4891,4430,303506,36,0,Semiurban,34,Approved,597,111852,0.063,Auto,591,1,0,1,0,No,Unknown,7572,Startup,HYD-005,Yes,No,2.713,Negative,Kerala,Teacher
Female,No,0,Graduate,Salaried,63247,7593,1207744,240,0,Urban,49,Approved,552,850080,0.216,Business,15284,2,0,8,2662872,No,Parent,35341,Public,PUNE-006,Yes,Yes,1.421,Negative,Delhi,Bank Officer
Female,Yes,3,Graduate,Salaried,37434,0,172916,48,0,Rural,45,Approved,641,449208,0.179,Auto,6710,0,1,2,1222424,No,Company,11517,Private,DEL-001,Yes,No,0.385,Neutral,Tamil Nadu,IT Consultant
Female,Yes,2,Graduate,Retired,26101,0,332724,24,1,Rural,30,Approved,695,313212,0.0,Education,0,0,0,1,775724,No,Unknown,10052,Public,DEL-001,Yes,Yes,1.062,Positive,Kerala,Shopkeeper
Male,No,3,Graduate,Salaried,26186,0,181219,12,1,Rural,48,Approved,642,314232,0.492,Medical,12875,1,0,4,958233,No,Spouse,3127,Public,MUM-002,Yes,Yes,0.577,Positive,Kerala,IT Consultant
Male,Yes,0,Graduate,Salaried,38286,14288,674466,240,1,Semiurban,37,Approved,683,630888,0.611,Home,32146,0,0,3,2152437,No,Friend,16370,MNC,HYD-005,Yes,Yes,1.069,Positive,Punjab,IT Consultant
Male,Yes,0,Graduate,Self-Employed,3000,0,7782222,360,0,Urban,27,Rejected,564,36000,0.0,Home,0,0,0,0,488652,No,Friend,2000,Startup,MUM-002,Yes,Yes,216.173,Neutral,Punjab,Chartered Accountant
Female,Yes,0,Graduate,Salaried,83264,91286,518900,48,0,Semiurban,26,Approved,522,2094600,0.0,Auto,0,2,0,0,5448797,Yes,Spouse,75889,Public,CHN-007,Yes,Yes,0.248,Negative,West Bengal,IT Consultant
Male,Yes,0,Graduate,Salaried,33075,0,1981191,120,0,Semiurban,38,Approved,568,396900,0.246,Home,8120,2,0,3,1573604,Yes,Spouse,11598,Public,MUM-002,Yes,Yes,4.992,Negative,Gujarat,Teacher
Male,Yes,0,Graduate,Self-Employed,90515,0,5657331,180,0,Urban,42,Rejected,551,1086180,0.183,Home,16542,2,0,7,3787904,Yes,Unknown,32771,MNC,KOL-004,Yes,Yes,5.208,Neutral,Telangana,Teacher
Male,Yes,1,Graduate,Salaried,79125,0,1263218,180,1,Rural,45,Approved,711,949500,0.248,Home,19628,0,0,3,2659722,Yes,Company,36989,Private,KOL-004,Yes,Yes,1.33,Positive,Uttar Pradesh,Small Business Owner
Female,Yes,2,Graduate,Self-Employed,44700,0,3690921,180,1,Rural,18,Approved,654,536400,0.0,Home,0,0,0,0,1773130,No,Sibling,18809,Private,DEL-001,Yes,No,6.881,Neutral,West Bengal,Government Officer
Male,No,1,Graduate,Salaried,69520,0,175079,12,1,Rural,41,Approved,740,834240,0.411,Renovation,28590,1,0,4,2133044,No,Sibling,27675,Government,MUM-002,Yes,Yes,0.21,Positive,Karnataka,Chartered Accountant
Male,Yes,0,Graduate,Self-Employed,82078,113952,4941593,240,1,Semiurban,40,Approved,683,2352360,0.162,Home,31726,2,0,3,6707420,No,Sibling,94025,MNC,DEL-001,No,Yes,2.101,Positive,Maharashtra,Teacher
Male,No,0,Graduate,Salaried,54662,0,263722,36,0,Semiurban,24,Approved,580,655944,0.094,Personal,5112,0,0,0,1124159,No,Parent,32515,Startup,MUM-002,Yes,Yes,0.402,Negative,Uttar Pradesh,Farmer
Male,Yes,0,Graduate,Salaried,29035,0,3489330,300,1,Urban,44,Approved,704,348420,0.0,Home,0,0,0,0,880540,No,Sibling,10494,Government,BLR-003,Yes,Yes,10.015,Positive,Punjab,Customer Support Executive
Male,No,2,Graduate,Self-Employed,45863,69187,1095602,360,1,Semiurban,39,Approved,652,1380600,0.164,Business,18909,0,0,10,4912636,No,Sibling,43875,Public,CHN-007,No,Yes,0.794,Negative,Punjab,Driver
Male,No,0,Graduate,Salaried,82034,0,326328,60,1,Urban,29,Approved,623,984408,0.039,Personal,3208,0,0,5,2914613,No,Friend,42622,Public,KOL-004,No,Yes,0.331,Positive,Delhi,IT Consultant
Male,No,1,Graduate,Salaried,77573,106595,9201199,300,1,Rural,33,Approved,657,2210016,0.142,Home,26084,0,0,0,6227564,Yes,Spouse,80184,MNC,HYD-005,Yes,Yes,4.163,Negative,West Bengal,Chartered Accountant
Male,Yes,0,Graduate,Salaried,53917,0,8070591,180,0,Urban,37,Rejected,662,647004,1.059,Home,57073,0,1,5,1713738,Yes,Spouse,23169,Public,PUNE-006,Yes,Yes,12.474,Neutral,Maharashtra,Nurse
Male,Yes,1,Graduate,Salaried,53275,21935,690038,36,1,Rural,53,Approved,664,902520,0.34,Education,25580,0,0,0,2776625,Yes,Friend,31205,MNC,MUM-002,Yes,Yes,0.765,Negative,Tamil Nadu,Government Officer
Other,Yes,2,Not Graduate,Salaried,25232,0,180515,36,1,Rural,18,Approved,678,302784,1.449,Personal,36558,1,0,0,1049353,No,Spouse,17751,MNC,PUNE-006,Yes,No,0.596,Neutral,Karnataka,Teacher
Male,Yes,0,Not Graduate,Unemployed,3345,0,65224,24,0,Rural,42,Rejected,529,40140,11.316,Personal,37853,1,0,1,0,No,Spouse,3198,Public,CHN-007,Yes,Yes,1.625,Negative,Kerala,Software Engineer
Male,Yes,0,Graduate,Salaried,23065,0,2214884,240,1,Semiurban,47,Approved,635,276780,1.143,Home,26355,1,0,0,524678,Yes,Friend,5932,MNC,BLR-003,Yes,Yes,8.002,Negative,Maharashtra,IT Consultant
Male,No,1,Not Graduate,Salaried,58019,0,5582155,240,1,Rural,28,Approved,609,696228,0.042,Home,2412,0,0,2,3048867,Yes,Spouse,19994,Public,MUM-002,Yes,Yes,8.018,Neutral,Karnataka,Medical Representative
Male,No,0,Graduate,Salaried,10922,14292,498240,48,1,Semiurban,35,Approved,657,302568,0.643,Education,16224,0,0,0,1081536,No,Spouse,6738,MNC,BLR-003,Yes,Yes,1.647,Positive,Karnataka,Shopkeeper
Female,Yes,1,Graduate,Unemployed,17204,0,1297315,180,1,Urban,42,Approved,625,206448,0.012,Business,205,1,0,0,542074,No,Parent,14687,Government,MUM-002,Yes,Yes,6.284,Positive,Telangana,Marketing Executive
Male,Yes,0,Graduate,Self-Employed,31741,0,448837,48,0,Urban,39,Approved,575,380892,0.0,Medical,0,0,0,0,1637795,No,Parent,11348,MNC,CHN-007,Yes,Yes,1.178,Neutral,Punjab,IT Consultant
Male,Yes,1,Graduate,Salaried,29358,17446,4609632,300,1,Urban,39,Approved,704,561648,0.153,Home,7149,3,0,3,2421967,No,Unknown,27719,Private,BLR-003,Yes,Yes,8.207,Negative,Delhi,Farmer
Male,No,1,Graduate,Salaried,37976,0,906927,360,1,Urban,36,Rejected,617,455712,0.561,Business,21294,2,0,1,1533439,No,Spouse,17452,Startup,CHN-007,Yes,Yes,1.99,Negative,Maharashtra,Software Engineer
Male,No,1,Not Graduate,Unemployed,9510,0,3467561,180,0,Semiurban,31,Rejected,468,114120,1.491,Home,14181,1,0,3,0,No,Sibling,9510,MNC,MUM-002,Yes,Yes,30.385,Neutral,Telangana,Delivery Partner
Male,No,1,Not Graduate,Salaried,38163,33289,140612,48,0,Rural,40,Rejected,530,857424,0.951,Personal,67962,0,0,5,2626124,No,Company,34020,Private,DEL-001,Yes,Yes,0.164,Positive,Kerala,Delivery Partner
Female,No,0,Not Graduate,Unemployed,5936,0,3865315,300,0,Semiurban,38,Rejected,593,71232,2.211,Home,13126,3,0,1,232351,Yes,Unknown,2000,Public,MUM-002,Yes,Yes,54.264,Negative,Karnataka,Software Engineer
Male,No,0,Graduate,Salaried,56150,21889,2529882,60,1,Semiurban,46,Approved,605,936468,0.0,Business,0,0,0,0,1923869,No,Parent,37475,Government,KOL-004,Yes,Yes,2.702,Neutral,Uttar Pradesh,Shopkeeper
Male,Yes,0,Graduate,Self-Employed,44672,10878,5958898,360,0,Semiurban,35,Rejected,586,666600,0.445,Home,24700,1,1,0,1908303,No,Spouse,19485,Startup,DEL-001,Yes,Yes,8.939,Neutral,Tamil Nadu,IT Consultant
Male,Yes,1,Graduate,Self-Employed,48502,29774,468504,240,1,Urban,56,Approved,689,939312,0.0,Business,0,1,0,1,3268711,No,Spouse,40524,MNC,HYD-005,Yes,Yes,0.499,Negative,Delhi,Medical Representative
Male,No,0,Graduate,Unemployed,9289,0,536378,12,0,Urban,32,Rejected,553,111468,2.65,Medical,24618,0,0,0,994496,No,Unknown,2000,Public,BLR-003,Yes,Yes,4.812,Negative,Uttar Pradesh,Chartered Accountant
Male,No,2,Graduate,Salaried,5000,0,196263,12,1,Urban,31,Approved,640,60000,0.114,Personal,571,2,0,0,287447,Yes,Sibling,2000,MNC,DEL-001,Yes,Yes,3.271,Positive,Uttar Pradesh,Farmer
Male,Yes,2,Graduate,Salaried,31788,7278,1227711,36,1,Urban,44,Approved,644,468792,0.384,Auto,15014,1,0,1,652939,No,Spouse,17558,Public,DEL-001,Yes,Yes,2.619,Neutral,Uttar Pradesh,Civil Engineer
Female,Yes,2,Not Graduate,Salaried,60452,0,2693644,360,1,Rural,46,Approved,623,725424,0.064,Business,3893,2,0,1,2111241,No,Sibling,23493,Startup,CHN-007,Yes,Yes,3.713,Negative,Maharashtra,Farmer
Male,Yes,0,Graduate,Salaried,89928,0,586757,360,1,Semiurban,48,Approved,715,1079136,0.67,Home,60285,2,0,0,3222187,No,Parent,39955,Startup,MUM-002,Yes,Yes,0.544,Neutral,Tamil Nadu,Delivery Partner
Male,Yes,1,Graduate,Unemployed,13267,13309,580158,36,1,Urban,24,Approved,646,318912,1.441,Auto,38291,0,0,0,1225550,Yes,Parent,14100,Public,HYD-005,Yes,Yes,1.819,Positive,Tamil Nadu,Marketing Executive
Female,No,2,Not Graduate,Self-Employed,58219,55846,1773731,180,1,Urban,38,Approved,670,1368780,0.362,Home,41285,0,0,5,5113977,Yes,Parent,57782,Private,KOL-004,Yes,Yes,1.296,Negative,West Bengal,Medical Representative
Female,No,1,Graduate,Salaried,34349,1205,1590182,120,0,Semiurban,18,Rejected,599,426648,0.351,Business,12462,1,0,2,1555337,No,Sibling,15025,Private,MUM-002,Yes,Yes,3.727,Neutral,Maharashtra,Shopkeeper
Male,No,0,Graduate,Self-Employed,28789,10732,133527,24,1,Semiurban,30,Approved,711,474252,0.735,Personal,29029,1,0,0,930259,Yes,Spouse,18777,MNC,CHN-007,Yes,Yes,0.282,Neutral,Punjab,Factory Worker
Male,No,0,Graduate,Salaried,67404,0,199368,60,1,Urban,30,Approved,747,808848,0.0,Medical,0,2,0,3,2456191,No,Spouse,26594,Startup,MUM-002,Yes,Yes,0.246,Neutral,Telangana,IT Consultant
Male,Yes,0,Graduate,Salaried,56580,0,1084311,240,1,Semiurban,26,Approved,716,678960,0.415,Business,23473,0,0,5,1899791,No,Unknown,25006,MNC,HYD-005,Yes,No,1.597,Positive,Maharashtra,Teacher
Male,No,0,Graduate,Self-Employed,51148,5414,292157,60,1,Urban,35,Approved,669,678744,0.261,Education,14747,0,0,5,1891213,No,Parent,23644,MNC,MUM-002,Yes,Yes,0.43,Negative,Telangana,Software Engineer
Female,Yes,2,Graduate,Unemployed,8522,0,80275,60,1,Semiurban,35,Rejected,722,102264,5.094,Renovation,43410,0,0,3,691917,No,Unknown,3174,Government,PUNE-006,Yes,Yes,0.785,Negative,Kerala,Farmer
Male,Yes,0,Graduate,Self-Employed,74437,0,957628,48,0,Urban,50,Approved,555,893244,0.375,Auto,27883,1,0,1,2300500,No,Friend,28645,Private,BLR-003,Yes,Yes,1.072,Neutral,Tamil Nadu,Marketing Executive
Male,Yes,0,Not Graduate,Salaried,75000,0,470717,48,1,Rural,33,Approved,790,900000,0.49,Auto,36773,1,0,1,2848527,No,Parent,41845,Private,PUNE-006,Yes,No,0.523,Negative,Karnataka,Software Engineer
Male,No,2,Graduate,Salaried,28635,0,139709,240,0,Urban,28,Approved,604,343620,0.0,Business,0,1,2,0,1601674,Yes,Sibling,10674,Private,HYD-005,Yes,Yes,0.407,Positive,Tamil Nadu,Driver
Male,No,0,Graduate,Salaried,18061,7377,371895,36,1,Urban,43,Approved,649,305256,0.262,Personal,6667,1,0,6,1557815,No,Parent,2000,Private,DEL-001,Yes,Yes,1.218,Positive,Gujarat,Electrician
Male,Yes,0,Graduate,Retired,26767,7561,5448068,300,1,Rural,32,Approved,660,411936,0.0,Home,0,0,0,1,1634729,No,Spouse,6150,Public,BLR-003,No,Yes,13.226,Neutral,Telangana,Factory Worker
Female,No,0,Not Graduate,Retired,25371,14447,4557441,240,1,Semiurban,27,Approved,609,477816,0.51,Home,20303,0,0,5,1402263,No,Unknown,17029,MNC,KOL-004,Yes,Yes,9.538,Negative,Kerala,Chartered Accountant
Male,Yes,2,Graduate,Self-Employed,67152,0,1191071,360,1,Rural,36,Approved,701,805824,0.0,Business,0,1,0,3,1632007,No,Friend,40011,Startup,DEL-001,Yes,Yes,1.478,Negative,Delhi,Government Officer
Male,No,0,Graduate,Salaried,16035,0,1760791,240,0,Rural,43,Rejected,504,192420,0.0,Home,0,2,0,3,187713,No,Spouse,8231,MNC,MUM-002,Yes,Yes,9.151,Positive,Delhi,Factory Worker
Female,No,0,Graduate,Salaried,64258,52425,3945464,360,1,Semiurban,37,Approved,606,1400196,0.284,Home,33183,1,0,0,3483825,No,Company,41981,Government,CHN-007,Yes,Yes,2.818,Neutral,Tamil Nadu,Nurse
Female,Yes,0,Not Graduate,Salaried,40747,0,8140024,240,1,Rural,36,Approved,723,488964,0.741,Home,30204,1,0,13,2015218,No,Friend,22109,Private,DEL-001,Yes,Yes,16.647,Negative,West Bengal,Bank Officer
Male,Yes,2,Graduate,Salaried,38720,50295,381143,12,0,Urban,43,Approved,531,1068180,0.125,Personal,11155,1,0,1,3445518,Yes,Parent,32585,Startup,DEL-001,Yes,Yes,0.357,Positive,West Bengal,Customer Support Executive
Female,Yes,1,Graduate,Self-Employed,35625,9904,961374,60,0,Urban,46,Approved,491,546348,0.0,Auto,0,0,0,0,2660078,No,Spouse,24343,Public,HYD-005,Yes,Yes,1.76,Negative,Punjab,Government Officer
Male,Yes,2,Not Graduate,Salaried,119153,0,1768274,120,0,Urban,61,Rejected,384,1429836,0.0,Business,0,2,3,0,4058029,No,Spouse,46657,Startup,BLR-003,Yes,No,1.237,Negative,Gujarat,Government Officer
Female,Yes,0,Graduate,Self-Employed,77648,0,279140,24,1,Rural,33,Approved,640,931776,0.03,Personal,2305,2,0,1,1686154,No,Friend,33244,MNC,PUNE-006,Yes,Yes,0.3,Positive,Telangana,Driver
Female,No,0,Graduate,Salaried,74894,60793,362171,12,0,Semiurban,18,Approved,663,1628244,0.0,Personal,0,0,1,0,5224847,No,Parent,64042,Public,MUM-002,Yes,Yes,0.222,Neutral,Karnataka,Nurse
Male,No,0,Graduate,Salaried,45852,0,712798,36,1,Semiurban,37,Approved,630,550224,0.0,Auto,0,3,0,1,1102471,No,Friend,26106,Public,MUM-002,Yes,Yes,1.295,Positive,Tamil Nadu,IT Consultant
Male,No,2,Graduate,Salaried,82095,0,4856445,120,1,Urban,28,Approved,617,985140,0.1,Home,8233,1,0,2,3296154,Yes,Sibling,40267,Government,PUNE-006,Yes,Yes,4.93,Negative,Kerala,IT Consultant
Female,Yes,0,Graduate,Retired,9539,0,382554,36,1,Rural,33,Rejected,678,114468,1.124,Auto,10718,1,0,7,672285,No,Parent,3944,Government,PUNE-006,Yes,Yes,3.342,Negative,Tamil Nadu,Electrician
Male,No,0,Graduate,Salaried,27179,0,2846643,240,1,Semiurban,45,Approved,651,326148,0.0,Business,0,2,0,6,702953,No,Unknown,17682,Government,DEL-001,No,Yes,8.728,Positive,Delhi,Medical Representative
Male,No,3,Graduate,Self-Employed,3000,0,1632186,240,1,Rural,44,Rejected,679,36000,4.235,Business,12705,0,0,3,0,No,Parent,3000,Startup,MUM-002,Yes,Yes,45.339,Positive,Gujarat,Government Officer
Female,Yes,1,Graduate,Salaried,43892,0,386859,24,0,Urban,35,Approved,572,526704,0.73,Renovation,32049,3,0,11,1281906,No,Unknown,18255,Private,HYD-005,Yes,Yes,0.734,Neutral,Karnataka,Small Business Owner
Female,Yes,0,Graduate,Salaried,52605,0,816302,180,1,Urban,31,Approved,660,631260,0.576,Business,30285,1,0,0,2719504,No,Parent,24162,MNC,PUNE-006,Yes,Yes,1.293,Positive,Telangana,Bank Officer
Female,Yes,3,Graduate,Self-Employed,42488,21530,94480,36,0,Urban,55,Approved,572,768216,0.083,Personal,5282,2,0,0,2947889,Yes,Spouse,22952,Public,MUM-002,Yes,Yes,0.123,Negative,Delhi,Marketing Executive
Female,Yes,2,Graduate,Salaried,65997,0,36822,24,1,Semiurban,42,Approved,721,791964,0.344,Personal,22727,1,0,2,1367222,No,Unknown,15537,Public,PUNE-006,Yes,Yes,0.046,Neutral,Kerala,Driver
Male,No,0,Not Graduate,Salaried,86670,0,673881,36,1,Rural,18,Approved,627,1040040,0.0,Auto,0,1,0,1,2884462,No,Company,41794,Public,BLR-003,Yes,Yes,0.648,Neutral,Tamil Nadu,Marketing Executive
Male,Yes,3,Not Graduate,Salaried,61706,36525,304338,12,1,Semiurban,32,Approved,690,1178772,0.0,Personal,0,1,0,0,4044630,Yes,Unknown,40203,Government,MUM-002,Yes,No,0.258,Negative,Gujarat,Teacher
Female,No,2,Graduate,Salaried,69719,0,5789242,180,1,Urban,35,Approved,669,836628,0.193,Home,13448,1,0,3,1970236,Yes,Unknown,37813,Public,PUNE-006,Yes,No,6.92,Neutral,Telangana,Customer Support Executive
Male,No,0,Graduate,Retired,24431,0,1147638,36,1,Rural,38,Approved,681,293172,0.0,Auto,0,0,0,7,813184,No,Unknown,6929,Private,MUM-002,Yes,Yes,3.915,Neutral,Tamil Nadu,Electrician
Female,Yes,1,Graduate,Self-Employed,56612,67190,5868560,360,1,Rural,36,Approved,665,1485624,0.0,Home,0,0,0,3,5011958,No,Parent,56283,Startup,DEL-001,Yes,Yes,3.95,Neutral,Maharashtra,Shopkeeper
Female,No,0,Graduate,Salaried,67738,0,423550,12,0,Semiurban,47,Approved,538,812856,0.1,Personal,6760,0,0,5,2053887,Yes,Sibling,31225,Government,DEL-001,Yes,Yes,0.521,Neutral,Punjab,Small Business Owner
Male,No,2,Graduate,Salaried,59497,0,1092383,48,0,Urban,18,Approved,599,713964,0.033,Auto,1986,0,0,1,1881594,No,Spouse,29204,Startup,BLR-003,Yes,No,1.53,Positive,Kerala,Customer Support Executive
Male,Yes,0,Not Graduate,Salaried,20634,0,7202542,360,1,Semiurban,34,Approved,820,247608,0.0,Home,0,2,0,1,441840,No,Sibling,4995,Startup,MUM-002,Yes,No,29.088,Negative,Karnataka,Medical Representative
Male,No,1,Graduate,Salaried,56031,0,712952,36,1,Rural,21,Approved,783,672372,0.208,Auto,11674,3,0,0,2477775,No,Spouse,30103,Startup,KOL-004,Yes,Yes,1.06,Neutral,Kerala,Small Business Owner
Male,Yes,0,Not Graduate,Self-Employed,41652,0,144316,60,1,Urban,39,Approved,822,499824,0.927,Education,38631,0,0,0,1824383,No,Friend,14813,MNC,KOL-004,No,Yes,0.289,Negative,Maharashtra,Shopkeeper
Male,Yes,1,Graduate,Salaried,58117,10481,219505,12,1,Rural,34,Rejected,730,823176,0.272,Medical,18690,0,0,2,1970707,No,Spouse,30857,Government,PUNE-006,Yes,Yes,0.267,Negative,Telangana,Customer Support Executive
Female,Yes,0,Not Graduate,Salaried,49289,14357,621904,36,0,Rural,25,Approved,574,763752,0.0,Medical,0,0,0,2,2164178,No,Unknown,23807,Private,MUM-002,Yes,Yes,0.814,Neutral,Uttar Pradesh,Software Engineer
Male,No,0,Graduate,Salaried,40668,0,5146217,300,1,Urban,25,Approved,680,488016,0.0,Home,0,0,0,0,1424019,No,Parent,26323,Public,MUM-002,Yes,Yes,10.545,Neutral,Delhi,Driver
Male,No,2,Graduate,Salaried,37447,7380,729007,36,1,Rural,22,Approved,644,537924,0.734,Personal,32893,1,0,11,1707888,No,Sibling,25085,Public,DEL-001,Yes,Yes,1.355,Neutral,Maharashtra,Farmer
Female,No,1,Not Graduate,Salaried,51030,59403,76001,12,0,Rural,33,Approved,584,1325196,0.104,Personal,11527,1,0,3,4493530,No,Parent,49932,MNC,BLR-003,Yes,Yes,0.057,Negative,Punjab,Delivery Partner
Male,Yes,1,Graduate,Salaried,53622,0,456192,24,1,Urban,20,Approved,828,643464,0.352,Education,18851,1,0,0,1872990,No,Spouse,26963,Private,DEL-001,Yes,Yes,0.709,Negative,Gujarat,Software Engineer
Male,Yes,0,Graduate,Self-Employed,41934,0,765766,180,1,Urban,38,Approved,663,503208,0.29,Business,12169,3,0,7,1253742,No,Sibling,19646,Startup,DEL-001,Yes,Yes,1.522,Negative,Delhi,Electrician
Male,No,1,Graduate,Salaried,55126,49366,916417,60,1,Rural,35,Approved,698,1253904,0.527,Auto,55084,2,0,3,3304108,No,Company,48298,MNC,CHN-007,Yes,Yes,0.731,Neutral,Karnataka,Medical Representative
Male,Yes,0,Graduate,Self-Employed,68466,0,756218,60,1,Rural,29,Approved,670,821592,0.368,Auto,25179,1,0,1,2934766,No,Spouse,28861,Public,KOL-004,Yes,Yes,0.92,Negative,Telangana,Driver
Male,Yes,0,Not Graduate,Salaried,71067,0,414353,24,0,Semiurban,42,Rejected,586,852804,0.0,Personal,0,1,0,9,3319485,No,Company,27047,Startup,BLR-003,Yes,Yes,0.486,Neutral,Kerala,Delivery Partner
Male,Yes,1,Not Graduate,Retired,3000,0,2882679,300,1,Semiurban,38,Rejected,643,36000,1.668,Home,5005,0,0,3,0,No,Unknown,2000,Public,BLR-003,Yes,No,80.074,Neutral,Uttar Pradesh,Driver
Female,No,1,Graduate,Salaried,55041,0,4827338,360,1,Rural,43,Rejected,672,660492,0.0,Home,0,0,0,0,1801671,No,Parent,23731,Public,DEL-001,No,Yes,7.309,Positive,Tamil Nadu,Small Business Owner
Male,No,0,Graduate,Salaried,65389,33483,1865495,240,1,Urban,39,Approved,715,1186464,0.353,Business,34858,0,0,1,4252662,No,Friend,45754,Startup,BLR-003,Yes,Yes,1.572,Negative,West Bengal,Chartered Accountant
Female,No,0,Graduate,Salaried,68665,0,930231,36,0,Urban,27,Approved,540,823980,0.207,Auto,14215,0,0,2,2379867,No,Sibling,25248,Startup,DEL-001,Yes,Yes,1.129,Neutral,Karnataka,IT Consultant
Male,No,1,Graduate,Salaried,85104,0,4749210,300,0,Semiurban,33,Rejected,530,1021248,0.193,Home,16390,0,0,0,4080634,No,Unknown,41630,Government,DEL-001,Yes,No,4.65,Negative,Maharashtra,Marketing Executive
Female,Yes,1,Graduate,Salaried,44299,52074,387132,24,1,Rural,47,Approved,669,1156476,0.284,Personal,27401,0,0,2,3854803,No,Parent,43894,Public,MUM-002,Yes,Yes,0.335,Neutral,Karnataka,Small Business Owner
Male,Yes,1,Graduate,Self-Employed,112331,0,377248,24,0,Rural,22,Rejected,457,1347972,0.177,Personal,19844,2,2,1,4309660,No,Parent,59723,Startup,CHN-007,Yes,Yes,0.28,Negative,Kerala,Customer Support Executive
Male,Yes,1,Graduate,Self-Employed,82090,0,184882,360,0,Semiurban,30,Approved,571,985080,0.178,Home,14639,0,0,1,2801005,Yes,Spouse,29305,Public,HYD-005,Yes,Yes,0.188,Neutral,Maharashtra,Farmer
Male,No,0,Graduate,Unemployed,18368,7590,452737,36,1,Rural,27,Rejected,678,311496,1.52,Education,39444,2,0,0,1196391,No,Sibling,3666,MNC,BLR-003,Yes,Yes,1.453,Positive,Uttar Pradesh,Small Business Owner
Male,Yes,1,Not Graduate,Salaried,11148,13178,8273447,360,1,Urban,27,Rejected,604,291912,0.378,Home,9185,0,0,2,293293,No,Spouse,13325,MNC,DEL-001,Yes,No,28.342,Positive,Karnataka,Farmer
Male,Yes,0,Graduate,Retired,22297,25610,103108,36,1,Rural,36,Approved,666,574884,0.125,Medical,5974,1,0,5,1242013,No,Unknown,18969,Government,DEL-001,Yes,Yes,0.179,Negative,Tamil Nadu,Civil Engineer
Male,Yes,0,Not Graduate,Salaried,30706,12307,3958440,180,1,Urban,18,Rejected,726,516156,0.707,Home,30416,2,0,1,1099383,No,Spouse,17981,Private,CHN-007,Yes,Yes,7.669,Neutral,Telangana,Factory Worker
Female,No,1,Graduate,Salaried,22360,21169,226034,12,1,Semiurban,37,Approved,756,522348,0.194,Renovation,8441,1,0,5,1656835,No,Unknown,13197,Private,BLR-003,Yes,Yes,0.433,Positive,Gujarat,Small Business Owner
Female,Yes,2,Not Graduate,Unemployed,14023,13021,1799951,360,0,Semiurban,28,Rejected,542,324528,0.592,Home,15999,0,0,4,473282,No,Parent,13721,Government,KOL-004,Yes,Yes,5.546,Positive,Uttar Pradesh,Bank Officer
Male,No,0,Graduate,Salaried,32514,21611,320571,12,1,Rural,37,Approved,688,649500,0.332,Medical,17986,0,0,3,1823219,Yes,Unknown,14892,MNC,DEL-001,Yes,Yes,0.494,Positive,Punjab,Teacher
Male,No,0,Graduate,Salaried,16686,0,1409388,60,0,Semiurban,25,Rejected,621,200232,2.288,Business,38172,0,1,0,569886,No,Sibling,13653,MNC,MUM-002,Yes,Yes,7.039,Neutral,West Bengal,Bank Officer
Male,Yes,0,Graduate,Salaried,48928,0,6255718,300,1,Urban,33,Rejected,600,587136,0.454,Home,22190,2,0,1,1490904,No,Friend,25419,Government,HYD-005,Yes,No,10.655,Positive,Maharashtra,Delivery Partner
Male,No,1,Graduate,Salaried,46140,11795,95841,48,1,Rural,30,Approved,686,695220,0.166,Renovation,9621,1,0,0,2498784,No,Unknown,24203,Government,CHN-007,Yes,Yes,0.138,Positive,Kerala,Electrician
Male,No,1,Graduate,Salaried,54201,0,648052,60,1,Urban,25,Approved,670,650412,0.014,Renovation,777,1,0,3,1572999,No,Parent,22380,Startup,PUNE-006,Yes,Yes,0.996,Positive,West Bengal,Software Engineer
Female,No,2,Graduate,Salaried,19520,10898,142638,12,0,Urban,46,Approved,697,365016,0.0,Renovation,0,2,1,0,335563,Yes,Unknown,10261,MNC,CHN-007,Yes,Yes,0.391,Neutral,West Bengal,Civil Engineer
Male,No,0,Graduate,Salaried,40419,33009,366243,48,1,Urban,50,Approved,656,881136,0.645,Personal,47363,3,0,0,2702747,No,Parent,41488,Startup,BLR-003,Yes,Yes,0.416,Positive,Telangana,Government Officer
Female,Yes,1,Graduate,Salaried,75757,0,7041233,300,1,Semiurban,37,Approved,726,909084,0.059,Home,4440,1,0,6,3814107,No,Sibling,25367,Public,CHN-007,Yes,Yes,7.745,Neutral,Uttar Pradesh,Bank Officer
Male,No,1,Graduate,Salaried,25044,0,4475993,240,1,Semiurban,36,Rejected,660,300528,0.619,Home,15505,1,0,2,682276,No,Spouse,11233,Startup,DEL-001,Yes,Yes,14.894,Neutral,Tamil Nadu,Small Business Owner
Female,No,0,Not Graduate,Salaried,35211,0,204907,36,1,Semiurban,34,Approved,644,422532,0.287,Education,10122,1,0,1,938805,No,Sibling,17553,Government,MUM-002,Yes,Yes,0.485,Negative,Kerala,Delivery Partner
Male,Yes,1,Graduate,Salaried,30714,0,2988394,120,1,Rural,25,Rejected,670,368568,1.212,Business,37232,1,0,3,1050197,No,Spouse,24244,Startup,BLR-003,Yes,No,8.108,Positive,West Bengal,Small Business Owner
Female,Yes,1,Graduate,Salaried,34810,0,713636,48,1,Urban,20,Approved,636,417720,0.0,Education,0,0,0,6,1942393,Yes,Sibling,12306,Startup,PUNE-006,Yes,Yes,1.708,Negative,West Bengal,Factory Worker
Male,Yes,1,Graduate,Salaried,50214,36816,4408995,360,1,Rural,48,Approved,701,1044360,0.337,Home,29296,1,0,1,3585328,No,Unknown,34629,Private,DEL-001,Yes,Yes,4.222,Positive,Uttar Pradesh,Marketing Executive
Male,Yes,0,Graduate,Salaried,40922,0,914159,72,1,Urban,40,Approved,702,491064,0.435,Auto,17799,1,0,10,1315754,No,Spouse,17890,Private,HYD-005,Yes,Yes,1.862,Negative,Karnataka,Small Business Owner
Male,No,1,Graduate,Self-Employed,3000,2120,373297,48,0,Urban,44,Rejected,649,61440,3.491,Education,17873,2,1,0,0,No,Unknown,2000,Private,PUNE-006,Yes,Yes,6.076,Positive,Telangana,Shopkeeper
Male,Yes,1,Graduate,Salaried,52543,38533,224179,12,1,Urban,34,Approved,684,1092912,0.322,Personal,29320,2,0,0,2782446,No,Sibling,41561,Private,KOL-004,Yes,Yes,0.205,Negative,Punjab,Shopkeeper
Female,Yes,2,Graduate,Salaried,14238,0,580185,24,0,Rural,39,Rejected,583,170856,2.275,Education,32397,1,0,1,134522,Yes,Friend,10743,Public,DEL-001,Yes,No,3.396,Neutral,Karnataka,Government Officer
Male,Yes,0,Not Graduate,Salaried,15584,0,1553478,240,1,Rural,18,Rejected,685,187008,1.314,Home,20470,0,0,8,1610134,No,Friend,15584,Government,DEL-001,Yes,Yes,8.307,Positive,West Bengal,Teacher
Male,Yes,1,Graduate,Salaried,59470,0,1078150,60,1,Urban,49,Approved,636,713640,0.0,Auto,0,1,0,6,2692528,Yes,Friend,33971,Private,DEL-001,Yes,Yes,1.511,Positive,Tamil Nadu,Factory Worker
Male,No,2,Graduate,Self-Employed,3000,3362,2333119,240,1,Urban,21,Rejected,794,76344,6.704,Home,42652,2,0,3,321186,No,Parent,2000,MNC,BLR-003,Yes,Yes,30.561,Positive,Punjab,Marketing Executive
Female,Yes,1,Graduate,Salaried,96646,23567,525522,36,0,Urban,33,Approved,496,1442556,0.0,Education,0,0,0,1,4949370,No,Sibling,60236,MNC,MUM-002,Yes,Yes,0.364,Neutral,Delhi,Driver
Male,No,2,Graduate,Self-Employed,47615,0,1969454,120,1,Semiurban,30,Approved,796,571380,0.574,Business,27334,1,0,2,1485258,No,Friend,14472,Government,PUNE-006,Yes,Yes,3.447,Positive,Maharashtra,Teacher
Female,Yes,2,Not Graduate,Self-Employed,3000,3028,5165081,300,1,Urban,34,Rejected,652,72336,1.427,Home,8602,1,0,0,190752,No,Friend,5241,Government,HYD-005,Yes,Yes,71.404,Negative,Tamil Nadu,Marketing Executive
Male,Yes,0,Graduate,Salaried,54286,0,2706402,360,0,Rural,49,Rejected,585,651432,0.539,Home,29247,0,0,2,1674868,No,Unknown,21244,Public,CHN-007,Yes,Yes,4.155,Positive,Maharashtra,Civil Engineer
Female,No,3,Not Graduate,Self-Employed,51235,0,4275362,240,1,Semiurban,21,Rejected,650,614820,0.743,Home,38054,0,0,2,1261567,No,Parent,14721,Private,DEL-001,Yes,Yes,6.954,Neutral,Kerala,Teacher
Female,Yes,0,Not Graduate,Self-Employed,45941,0,578007,240,0,Semiurban,41,Approved,578,551292,0.688,Business,31598,1,0,5,1269079,No,Sibling,22303,Startup,BLR-003,No,Yes,1.048,Neutral,West Bengal,Medical Representative
Male,Yes,0,Not Graduate,Salaried,5000,0,2915916,240,1,Semiurban,45,Approved,693,60000,0.0,Business,0,1,0,2,0,No,Unknown,2000,Public,DEL-001,Yes,Yes,48.599,Positive,Uttar Pradesh,Driver
Male,No,0,Graduate,Salaried,12540,13258,693932,300,1,Rural,52,Approved,648,309576,0.132,Home,3412,0,0,5,1151996,No,Spouse,12298,Public,KOL-004,Yes,Yes,2.242,Positive,Delhi,Electrician
Male,No,0,Not Graduate,Self-Employed,36122,0,4125531,120,1,Urban,39,Approved,616,433464,0.0,Home,0,1,0,3,1277754,No,Unknown,11032,Public,HYD-005,Yes,Yes,9.518,Negative,Uttar Pradesh,Chartered Accountant
Female,Yes,1,Graduate,Self-Employed,58076,0,261994,48,1,Semiurban,40,Approved,731,696912,0.0,Auto,0,2,0,2,2170540,No,Company,37739,Government,HYD-005,Yes,Yes,0.376,Neutral,Gujarat,Teacher
Female,Yes,2,Graduate,Unemployed,0,0,1723577,360,0,Rural,23,Rejected,579,0,33083.0,Business,33083,0,0,1,490368,No,Spouse,0,Government,CHN-007,Yes,Yes,100.0,Positive,Tamil Nadu,Farmer
Female,Yes,3,Graduate,Retired,15141,0,267459,60,1,Semiurban,28,Approved,669,181692,0.0,Medical,0,1,0,7,186043,Yes,Friend,7713,MNC,MUM-002,Yes,No,1.472,Neutral,Delhi,Chartered Accountant
Male,No,0,Graduate,Salaried,30953,0,6156409,360,1,Urban,45,Rejected,632,371436,0.841,Home,26039,1,0,0,1879475,No,Friend,10038,Government,DEL-001,Yes,Yes,16.575,Neutral,West Bengal,Farmer
Male,Yes,0,Not Graduate,Unemployed,7230,0,127822,60,0,Urban,29,Rejected,548,86760,1.671,Personal,12081,0,0,0,389080,No,Company,2000,Private,CHN-007,Yes,No,1.473,Neutral,Delhi,Nurse
Male,No,2,Graduate,Salaried,46036,10716,857370,36,1,Rural,36,Approved,633,681024,0.571,Auto,32430,0,0,5,2898625,No,Parent,21118,Startup,MUM-002,Yes,Yes,1.259,Positive,Punjab,Small Business Owner
Male,No,1,Graduate,Unemployed,0,0,383360,48,1,Semiurban,20,Rejected,725,0,38342.0,Personal,38342,1,0,2,0,No,Sibling,0,MNC,DEL-001,Yes,Yes,100.0,Positive,Kerala,Marketing Executive
Male,No,0,Not Graduate,Salaried,18405,952,1588235,240,1,Urban,23,Rejected,804,232284,1.781,Business,34478,1,0,6,0,Yes,Unknown,6327,MNC,PUNE-006,Yes,Yes,6.837,Negative,Maharashtra,Civil Engineer
Male,No,2,Graduate,Salaried,54825,54048,3630508,300,1,Rural,43,Approved,716,1306476,0.374,Home,40688,1,0,0,3360044,Yes,Parent,55655,Startup,CHN-007,No,Yes,2.779,Neutral,Uttar Pradesh,Customer Support Executive
Male,Yes,0,Not Graduate,Salaried,25418,0,272096,48,1,Rural,42,Approved,613,305016,0.656,Renovation,16682,1,0,7,1228693,No,Spouse,16996,Public,CHN-007,Yes,Yes,0.892,Negative,Kerala,Government Officer
Male,Yes,0,Graduate,Salaried,30636,0,58160,60,1,Semiurban,48,Approved,702,367632,0.527,Medical,16134,2,0,0,592364,No,Unknown,12579,MNC,CHN-007,Yes,Yes,0.158,Negative,Kerala,Software Engineer
Male,No,1,Graduate,Salaried,75845,72857,3053789,360,1,Semiurban,27,Approved,676,1784424,0.082,Home,12172,0,0,5,5146668,No,Sibling,58846,Public,KOL-004,Yes,Yes,1.711,Positive,Telangana,Chartered Accountant
Male,Yes,0,Not Graduate,Salaried,84800,0,422225,24,1,Rural,37,Approved,650,1017600,0.219,Education,18555,0,0,5,3122314,No,Parent,37934,Public,MUM-002,Yes,Yes,0.415,Neutral,Punjab,Delivery Partner
Male,Yes,2,Not Graduate,Self-Employed,19830,0,399139,24,1,Rural,21,Approved,698,237960,0.0,Personal,0,1,0,0,639447,No,Parent,19652,Public,BLR-003,Yes,Yes,1.677,Negative,Uttar Pradesh,Electrician
Male,Yes,2,Graduate,Unemployed,6877,0,1957130,360,0,Semiurban,53,Rejected,475,82524,6.454,Business,44387,1,0,0,0,No,Spouse,2000,MNC,BLR-003,Yes,Yes,23.716,Negative,Delhi,Driver
Female,Yes,3,Not Graduate,Retired,3423,0,9434419,180,1,Urban,33,Rejected,734,41076,10.302,Home,35264,1,0,1,0,No,Friend,2000,MNC,BLR-003,No,No,229.682,Negative,Uttar Pradesh,Small Business Owner
Male,Yes,1,Not Graduate,Salaried,73489,0,7590,48,0,Semiurban,34,Approved,557,881868,0.0,Personal,0,0,0,3,2473180,No,Parent,29653,Government,BLR-003,Yes,Yes,0.009,Positive,Telangana,Farmer
Male,No,3,Graduate,Salaried,97012,0,201885,36,1,Urban,26,Approved,664,1164144,0.124,Personal,12001,1,0,1,4199753,No,Parent,47576,MNC,DEL-001,Yes,Yes,0.173,Positive,Uttar Pradesh,IT Consultant
Other,Yes,0,Graduate,Unemployed,0,0,367193,24,0,Semiurban,29,Rejected,562,0,4604.0,Personal,4604,0,0,0,0,Yes,Parent,0,Public,HYD-005,Yes,Yes,100.0,Neutral,Kerala,Small Business Owner
Female,No,3,Not Graduate,Unemployed,5036,0,363559,60,0,Semiurban,18,Rejected,580,60432,0.343,Personal,1729,3,0,1,0,No,Unknown,3666,MNC,HYD-005,Yes,Yes,6.016,Neutral,Kerala,Marketing Executive
Female,No,0,Not Graduate,Self-Employed,37674,17208,487715,60,1,Urban,47,Approved,732,658584,0.0,Education,0,3,0,0,1846729,No,Unknown,18580,Private,CHN-007,Yes,Yes,0.741,Positive,Uttar Pradesh,Teacher
Male,Yes,2,Graduate,Salaried,41296,23539,226276,36,1,Urban,29,Approved,659,778020,0.48,Renovation,31140,1,0,10,1932844,No,Spouse,32061,Startup,MUM-002,Yes,Yes,0.291,Positive,Tamil Nadu,IT Consultant
Male,Yes,1,Graduate,Salaried,86422,0,1975288,360,1,Semiurban,43,Approved,668,1037064,0.185,Business,15978,4,0,0,2845809,No,Company,33623,MNC,BLR-003,Yes,Yes,1.905,Neutral,Maharashtra,Electrician
Male,No,0,Not Graduate,Salaried,53243,0,595022,48,1,Urban,36,Approved,810,638916,0.209,Personal,11131,1,0,5,1681865,Yes,Unknown,17052,Government,BLR-003,Yes,Yes,0.931,Positive,Tamil Nadu,Customer Support Executive
Female,Yes,0,Graduate,Salaried,42283,0,1417993,36,0,Urban,52,Rejected,576,507396,0.253,Auto,10684,0,0,2,951569,Yes,Friend,17088,Government,MUM-002,Yes,Yes,2.795,Positive,Delhi,IT Consultant
Male,Yes,1,Graduate,Retired,35348,0,2223348,180,0,Semiurban,36,Rejected,500,424176,1.355,Business,47907,3,0,0,2212929,Yes,Spouse,4014,Private,KOL-004,No,Yes,5.242,Negative,Delhi,Small Business Owner
Male,No,1,Not Graduate,Salaried,10796,8452,3819853,180,1,Urban,20,Approved,678,230976,0.0,Home,0,1,0,0,36846,No,Unknown,7089,Government,KOL-004,Yes,Yes,16.538,Negative,Punjab,Civil Engineer
Male,Yes,1,Graduate,Retired,8903,2523,572078,60,1,Rural,36,Rejected,697,137112,2.719,Medical,31066,2,0,3,12240,No,Sibling,7348,MNC,CHN-007,Yes,Yes,4.172,Positive,Delhi,Customer Support Executive
Male,Yes,0,Graduate,Unemployed,4003,0,449361,60,1,Urban,35,Rejected,705,48036,8.424,Education,33721,0,0,0,382514,No,Sibling,2000,MNC,PUNE-006,Yes,No,9.355,Positive,West Bengal,IT Consultant
Female,Yes,1,Not Graduate,Self-Employed,45015,0,1191790,360,1,Rural,32,Approved,623,540180,0.0,Business,0,2,0,0,324769,No,Sibling,14458,Public,MUM-002,Yes,Yes,2.206,Positive,Delhi,Electrician
Male,No,0,Graduate,Salaried,21575,15116,8117329,180,1,Rural,33,Approved,684,440292,0.698,Home,25601,2,0,0,1512501,No,Unknown,13658,Public,KOL-004,Yes,Yes,18.436,Negative,Kerala,Medical Representative
Female,Yes,2,Graduate,Unemployed,31483,0,94415,24,0,Rural,33,Approved,550,377796,0.023,Medical,730,0,0,0,656078,No,Spouse,16758,Public,MUM-002,Yes,No,0.25,Neutral,Tamil Nadu,Farmer
Female,No,1,Graduate,Salaried,12347,0,303075,36,1,Semiurban,25,Approved,650,148164,0.0,Auto,0,1,0,2,969099,Yes,Sibling,3608,MNC,HYD-005,No,Yes,2.046,Negative,Delhi,Small Business Owner
Female,Yes,0,Graduate,Retired,25159,0,991991,300,1,Urban,32,Rejected,625,301908,1.14,Home,28689,0,0,3,95219,No,Unknown,7832,Public,BLR-003,Yes,Yes,3.286,Neutral,Gujarat,Teacher
Male,Yes,0,Not Graduate,Salaried,80767,0,198463,36,0,Rural,25,Approved,658,969204,0.185,Education,14976,2,1,0,2900365,No,Unknown,38750,Public,PUNE-006,Yes,Yes,0.205,Positive,Karnataka,Electrician
Male,Yes,0,Graduate,Self-Employed,3000,1930,1885970,180,1,Urban,38,Approved,606,59160,0.0,Business,0,1,0,1,0,No,Spouse,4930,Government,CHN-007,Yes,Yes,31.879,Neutral,Maharashtra,Shopkeeper
Female,Yes,0,Graduate,Salaried,50558,64583,881839,240,1,Semiurban,41,Approved,795,1381692,0.286,Business,32970,1,0,6,4273451,No,Parent,47890,Private,PUNE-006,Yes,Yes,0.638,Neutral,Punjab,Factory Worker
Male,Yes,2,Graduate,Salaried,54674,0,4867180,180,1,Rural,40,Rejected,769,656088,0.893,Home,48836,1,0,2,1372250,Yes,Spouse,24683,Government,MUM-002,Yes,Yes,7.418,Negative,Maharashtra,Factory Worker
Male,Yes,0,Graduate,Salaried,62190,0,1028850,36,1,Urban,28,Approved,602,746280,0.433,Auto,26918,0,0,2,1793555,No,Unknown,31652,Startup,CHN-007,Yes,No,1.379,Positive,Tamil Nadu,Teacher
Male,Yes,0,Graduate,Salaried,41951,0,485996,48,0,Urban,48,Approved,579,503412,0.0,Auto,0,0,0,1,1743279,No,Parent,15861,Public,PUNE-006,Yes,Yes,0.965,Positive,Gujarat,Government Officer
Male,Yes,0,Graduate,Salaried,38503,11079,517802,24,1,Semiurban,35,Approved,723,594984,0.0,Personal,0,2,0,1,2394283,No,Spouse,22922,Government,PUNE-006,Yes,No,0.87,Positive,Karnataka,Medical Representative
Female,Yes,0,Graduate,Salaried,35213,18371,706977,72,1,Semiurban,37,Approved,669,643008,0.089,Auto,4745,1,0,7,1990387,No,Friend,24039,Private,PUNE-006,Yes,Yes,1.099,Negative,West Bengal,Bank Officer
Female,Yes,1,Graduate,Self-Employed,75078,0,1488911,360,1,Urban,31,Approved,671,900936,0.254,Home,19068,1,0,1,3126909,Yes,Parent,27666,Public,BLR-003,No,Yes,1.653,Neutral,Kerala,Chartered Accountant
Male,Yes,3,Graduate,Salaried,38711,8422,515562,36,0,Rural,37,Approved,564,565596,0.357,Personal,16825,0,0,0,1539276,No,Spouse,19967,MNC,KOL-004,Yes,Yes,0.912,Negative,Maharashtra,Electrician
Female,No,1,Not Graduate,Salaried,77753,0,5886175,300,1,Urban,29,Approved,687,933036,0.054,Home,4198,0,0,4,2887537,No,Unknown,32917,Startup,KOL-004,Yes,Yes,6.309,Neutral,Gujarat,Customer Support Executive
Female,Yes,1,Graduate,Self-Employed,68088,0,7308695,300,1,Semiurban,33,Approved,737,817056,0.317,Home,21568,1,0,1,2523879,No,Parent,37626,Private,KOL-004,Yes,Yes,8.945,Neutral,Tamil Nadu,Marketing Executive
Female,Yes,0,Not Graduate,Self-Employed,12412,0,1383687,60,1,Urban,42,Approved,749,148944,0.0,Auto,0,1,0,2,994772,No,Sibling,5850,MNC,DEL-001,Yes,Yes,9.29,Positive,Uttar Pradesh,Nurse
Male,Yes,0,Not Graduate,Unemployed,24306,0,3400097,360,1,Urban,26,Rejected,771,291672,1.773,Home,43090,0,0,2,918327,Yes,Unknown,5935,Public,KOL-004,Yes,Yes,11.657,Positive,Gujarat,Medical Representative
Male,No,0,Not Graduate,Self-Employed,11375,4842,131710,24,1,Urban,29,Approved,649,194604,0.336,Renovation,5443,0,0,9,479714,Yes,Unknown,9612,Private,HYD-005,Yes,Yes,0.677,Negative,Telangana,Teacher
Female,No,2,Graduate,Self-Employed,18608,9732,2111719,180,1,Urban,37,Approved,656,340080,0.0,Business,0,2,0,0,718250,No,Parent,7245,Private,CHN-007,Yes,Yes,6.209,Negative,Delhi,Teacher
Male,Yes,0,Graduate,Unemployed,7541,7130,1397148,240,1,Rural,29,Approved,760,176052,1.199,Business,17594,0,0,0,816285,No,Parent,5604,Private,HYD-005,Yes,Yes,7.936,Negative,Punjab,Farmer
Male,No,3,Not Graduate,Unemployed,13730,0,449488,24,1,Semiurban,28,Rejected,662,164760,1.526,Personal,20957,1,0,0,526792,No,Sibling,10561,Private,BLR-003,Yes,Yes,2.728,Negative,Maharashtra,Government Officer
Female,Yes,1,Graduate,Salaried,22082,0,10557792,360,1,Urban,32,Approved,692,264984,0.134,Home,2969,2,0,3,467125,Yes,Friend,4714,Public,PUNE-006,Yes,Yes,39.843,Neutral,Gujarat,Bank Officer
Male,Yes,0,Not Graduate,Self-Employed,49714,0,1070118,36,1,Semiurban,38,Approved,632,596568,0.358,Auto,17806,0,0,3,1583364,No,Company,24554,Government,KOL-004,Yes,Yes,1.794,Positive,Telangana,Driver
Female,Yes,1,Graduate,Unemployed,8017,0,687424,240,1,Rural,47,Rejected,605,96204,1.504,Business,12057,0,0,1,725078,No,Unknown,8017,Government,BLR-003,Yes,No,7.145,Negative,West Bengal,Nurse
Female,Yes,0,Not Graduate,Salaried,32402,0,4309249,120,0,Rural,28,Approved,562,388824,0.0,Home,0,2,0,0,1054542,No,Unknown,22427,Startup,HYD-005,Yes,Yes,11.083,Neutral,Kerala,Bank Officer
Female,Yes,0,Not Graduate,Salaried,24982,0,973074,240,1,Rural,45,Approved,671,299784,0.526,Business,13139,0,0,4,231859,No,Unknown,15589,Startup,PUNE-006,Yes,Yes,3.246,Negative,Telangana,Driver
Male,Yes,1,Graduate,Salaried,90164,0,348360,60,1,Rural,26,Approved,752,1081968,0.233,Medical,21028,0,0,2,3237267,No,Spouse,44831,Private,CHN-007,Yes,Yes,0.322,Negative,Tamil Nadu,Shopkeeper
Male,No,1,Graduate,Self-Employed,34677,27354,918290,48,0,Semiurban,30,Rejected,553,744372,0.242,Auto,14986,0,2,7,2412430,No,Unknown,36553,Private,HYD-005,Yes,Yes,1.234,Positive,Telangana,Farmer
Female,Yes,1,Not Graduate,Salaried,15020,0,841626,180,0,Rural,51,Approved,535,180240,0.0,Business,0,1,0,1,601229,No,Spouse,15020,Public,DEL-001,Yes,Yes,4.669,Neutral,Delhi,Delivery Partner
Female,No,0,Graduate,Salaried,60014,0,4345314,240,1,Semiurban,46,Approved,717,720168,0.147,Business,8814,1,0,0,2908562,No,Unknown,20856,MNC,HYD-005,Yes,Yes,6.034,Negative,Tamil Nadu,Government Officer
Male,No,1,Graduate,Salaried,20054,0,3827883,240,1,Urban,35,Rejected,645,240648,0.487,Home,9757,1,0,0,644079,No,Friend,7261,Public,PUNE-006,Yes,Yes,15.907,Negative,Telangana,Teacher
Female,Yes,3,Graduate,Salaried,69705,51408,263297,36,1,Rural,37,Approved,710,1453356,0.41,Personal,49678,0,0,1,5110198,Yes,Unknown,50502,MNC,CHN-007,Yes,Yes,0.181,Negative,Karnataka,Software Engineer
Male,Yes,1,Not Graduate,Salaried,55140,0,3100027,300,0,Rural,19,Rejected,593,661680,0.99,Home,54583,1,0,5,2477406,No,Company,29079,MNC,CHN-007,Yes,Yes,4.685,Neutral,Punjab,Factory Worker
Female,Yes,0,Not Graduate,Salaried,53422,0,3481304,360,1,Urban,36,Approved,635,641064,0.416,Home,22221,1,0,0,3062900,Yes,Unknown,20562,Startup,DEL-001,Yes,Yes,5.431,Neutral,Uttar Pradesh,Shopkeeper
Male,No,0,Graduate,Self-Employed,12853,11343,1172373,240,0,Rural,35,Rejected,534,290352,0.567,Home,13719,2,0,1,778052,No,Parent,13833,Government,BLR-003,Yes,Yes,4.038,Positive,Tamil Nadu,Farmer
Male,Yes,0,Graduate,Salaried,38993,32908,4880220,360,1,Rural,42,Approved,752,862812,0.43,Home,30898,2,0,3,3180345,Yes,Friend,33899,MNC,PUNE-006,Yes,Yes,5.656,Negative,Tamil Nadu,Software Engineer
Male,No,0,Graduate,Self-Employed,49250,0,1018908,120,1,Urban,35,Approved,610,591000,0.035,Business,1705,1,0,2,1707947,No,Unknown,16733,Public,DEL-001,Yes,Yes,1.724,Positive,Uttar Pradesh,Shopkeeper
Male,Yes,0,Graduate,Self-Employed,81622,0,433449,24,0,Rural,33,Approved,700,979464,0.402,Personal,32805,0,1,0,3169303,No,Spouse,40649,Startup,HYD-005,Yes,Yes,0.443,Positive,Punjab,Civil Engineer
Male,No,0,Graduate,Salaried,68331,0,1269244,240,1,Urban,25,Approved,662,819972,0.5,Home,34170,1,0,2,2251161,No,Spouse,38274,Government,DEL-001,No,Yes,1.548,Neutral,Punjab,Customer Support Executive
Male,Yes,0,Graduate,Salaried,77543,0,6475980,240,0,Urban,31,Rejected,597,930516,0.377,Home,29239,1,0,1,2623657,No,Unknown,29288,Government,CHN-007,Yes,Yes,6.96,Neutral,Kerala,Delivery Partner
Female,Yes,0,Graduate,Salaried,54712,39651,2713574,360,1,Semiurban,31,Approved,653,1132356,0.189,Home,17866,1,0,0,3412205,No,Unknown,35326,Startup,DEL-001,Yes,Yes,2.396,Neutral,Gujarat,Government Officer
Male,Yes,0,Graduate,Salaried,38159,0,3297733,240,0,Urban,49,Rejected,542,457908,0.227,Business,8673,0,2,0,1645240,Yes,Spouse,16161,MNC,PUNE-006,Yes,Yes,7.202,Neutral,Uttar Pradesh,Bank Officer
Male,No,0,Graduate,Unemployed,0,0,2387382,180,1,Rural,40,Approved,629,0,0.0,Business,0,1,0,0,166359,No,Spouse,0,Startup,CHN-007,No,No,100.0,Negative,Telangana,Driver
Male,No,0,Graduate,Salaried,19274,0,333048,24,1,Urban,21,Approved,679,231288,0.791,Personal,15250,1,0,2,777110,No,Spouse,8727,Private,DEL-001,Yes,Yes,1.44,Positive,Telangana,Delivery Partner
Male,No,2,Not Graduate,Salaried,40421,0,193923,24,0,Urban,18,Approved,534,485052,0.053,Renovation,2162,0,0,2,1360233,Yes,Parent,18516,MNC,CHN-007,Yes,Yes,0.4,Negative,Uttar Pradesh,Small Business Owner
Female,No,0,Graduate,Self-Employed,40475,0,1077529,48,0,Urban,43,Rejected,517,485700,0.947,Auto,38330,1,3,3,1679172,No,Parent,20885,Startup,DEL-001,Yes,Yes,2.219,Positive,Karnataka,Teacher
Male,No,3,Graduate,Salaried,48554,51035,429966,60,1,Urban,36,Approved,621,1195068,0.06,Auto,5995,2,0,2,3167498,No,Spouse,40835,Private,KOL-004,Yes,Yes,0.36,Positive,Uttar Pradesh,Customer Support Executive
Female,Yes,3,Graduate,Self-Employed,3000,805,546702,72,1,Rural,41,Approved,679,45660,0.782,Auto,2974,4,0,1,444365,Yes,Friend,2000,Public,DEL-001,Yes,Yes,11.973,Neutral,West Bengal,Software Engineer
Female,Yes,1,Graduate,Unemployed,5792,2637,431628,36,1,Rural,43,Rejected,605,101148,0.842,Personal,7094,1,0,0,140120,No,Unknown,2000,MNC,KOL-004,Yes,Yes,4.267,Negative,Kerala,Civil Engineer
Female,Yes,0,Not Graduate,Salaried,78837,0,561977,360,1,Semiurban,40,Approved,715,946044,0.36,Business,28402,1,0,4,2239183,No,Parent,37329,Public,BLR-003,Yes,No,0.594,Neutral,Gujarat,Teacher
Female,No,1,Graduate,Self-Employed,56692,0,6888912,120,1,Rural,38,Approved,753,680304,0.191,Home,10848,0,0,5,1920406,No,Parent,26656,MNC,CHN-007,Yes,Yes,10.126,Negative,Uttar Pradesh,Medical Representative
Male,No,0,Graduate,Self-Employed,3000,0,594120,48,1,Urban,39,Rejected,657,36000,4.926,Auto,14777,1,0,4,317213,No,Spouse,2000,Private,HYD-005,Yes,Yes,16.503,Neutral,Gujarat,Marketing Executive
Male,No,1,Not Graduate,Retired,15176,0,487578,240,0,Urban,48,Rejected,549,182112,2.187,Business,33186,1,0,0,944431,No,Friend,8276,MNC,KOL-004,Yes,Yes,2.677,Negative,Tamil Nadu,Customer Support Executive
Male,No,0,Graduate,Self-Employed,30038,0,6067449,360,0,Semiurban,37,Rejected,597,360456,0.867,Home,26055,2,0,2,896963,No,Spouse,13816,Private,KOL-004,Yes,Yes,16.833,Positive,Maharashtra,Chartered Accountant
Male,No,0,Graduate,Self-Employed,3000,0,34796,60,1,Rural,30,Approved,611,36000,0.0,Renovation,0,0,0,2,199736,No,Company,2000,Startup,CHN-007,Yes,Yes,0.967,Neutral,Tamil Nadu,Bank Officer
Male,No,0,Graduate,Self-Employed,14348,0,515943,12,0,Urban,52,Rejected,557,172176,2.965,Renovation,42536,1,0,0,367475,No,Spouse,10798,Public,HYD-005,Yes,No,2.997,Positive,Tamil Nadu,Teacher
Male,No,2,Not Graduate,Self-Employed,3000,0,283854,24,1,Rural,44,Approved,669,36000,0.0,Personal,0,0,0,0,1168496,No,Parent,3000,Government,CHN-007,Yes,Yes,7.885,Neutral,Kerala,Software Engineer
Male,Yes,0,Not Graduate,Salaried,46175,0,59061,24,0,Rural,37,Approved,596,554100,0.0,Personal,0,1,0,0,1448966,Yes,Parent,30794,Startup,HYD-005,No,Yes,0.107,Negative,Gujarat,Nurse
Male,No,1,Graduate,Unemployed,12088,0,383939,48,0,Urban,53,Rejected,412,145056,2.593,Education,31347,5,0,0,0,No,Spouse,10577,MNC,HYD-005,Yes,Yes,2.647,Negative,Delhi,Farmer
Male,Yes,0,Not Graduate,Salaried,42038,0,521054,60,1,Urban,30,Approved,649,504456,0.898,Auto,37763,0,0,1,771102,No,Unknown,21118,MNC,DEL-001,Yes,Yes,1.033,Negative,Uttar Pradesh,Civil Engineer
Female,No,1,Graduate,Unemployed,3713,1352,10515391,360,0,Semiurban,34,Rejected,689,60780,3.454,Home,17494,0,1,1,0,No,Company,2000,Government,KOL-004,Yes,Yes,173.007,Positive,Uttar Pradesh,Government Officer
Other,Yes,2,Graduate,Retired,12895,0,502425,24,1,Rural,42,Rejected,675,154740,2.408,Education,31045,1,0,4,0,No,Company,6564,Government,CHN-007,Yes,No,3.247,Negative,Gujarat,Chartered Accountant
Female,Yes,3,Graduate,Retired,10802,7696,666512,24,0,Rural,22,Approved,654,221976,0.0,Personal,0,1,1,0,350903,No,Spouse,4653,Startup,HYD-005,Yes,Yes,3.003,Positive,Delhi,Medical Representative
Female,No,2,Graduate,Salaried,20219,0,553172,60,1,Rural,32,Approved,878,242628,0.573,Renovation,11578,1,0,0,322793,No,Unknown,2000,MNC,PUNE-006,Yes,Yes,2.28,Neutral,Maharashtra,Delivery Partner
Female,No,3,Not Graduate,Salaried,79030,0,625373,48,0,Rural,32,Rejected,528,948360,0.381,Auto,30140,1,3,2,2872028,No,Unknown,28932,Private,BLR-003,Yes,Yes,0.659,Neutral,Delhi,Nurse
Female,Yes,1,Graduate,Salaried,43508,0,815784,48,1,Urban,47,Approved,630,522096,1.36,Auto,59159,0,0,10,1342966,Yes,Parent,28229,Private,CHN-007,Yes,No,1.563,Positive,Uttar Pradesh,IT Consultant
Female,Yes,0,Graduate,Salaried,104181,16224,1025968,360,1,Semiurban,35,Approved,640,1444860,0.277,Business,33298,0,0,7,5427445,No,Parent,38598,MNC,MUM-002,Yes,No,0.71,Negative,Delhi,Software Engineer
Female,Yes,1,Graduate,Retired,22391,25423,303999,36,0,Rural,38,Approved,522,573768,0.146,Personal,7003,3,0,4,1208694,No,Friend,23224,Government,PUNE-006,Yes,Yes,0.53,Positive,West Bengal,Marketing Executive
Male,Yes,0,Graduate,Self-Employed,45999,38401,5933045,240,1,Urban,34,Approved,731,1012800,0.0,Home,0,1,0,1,2722989,No,Friend,37686,Private,MUM-002,Yes,Yes,5.858,Positive,Delhi,Software Engineer
Male,No,1,Not Graduate,Self-Employed,109092,0,375452,24,1,Rural,26,Approved,774,1309104,0.222,Personal,24171,0,0,0,4485629,No,Parent,50259,Startup,HYD-005,Yes,Yes,0.287,Neutral,Uttar Pradesh,IT Consultant
Male,Yes,0,Graduate,Self-Employed,134441,0,196042,36,1,Semiurban,32,Approved,663,1613292,0.0,Personal,0,1,0,3,4508398,No,Unknown,59698,MNC,DEL-001,Yes,No,0.122,Neutral,Maharashtra,Factory Worker
Male,No,2,Graduate,Salaried,53719,0,265748,24,1,Semiurban,38,Approved,838,644628,0.801,Renovation,43022,0,0,6,1745672,No,Friend,25753,Government,MUM-002,Yes,No,0.412,Positive,Delhi,Small Business Owner
Male,Yes,0,Not Graduate,Salaried,95823,51850,450841,12,0,Rural,36,Approved,542,1772076,0.246,Renovation,36364,1,1,2,5098881,Yes,Unknown,72817,Public,DEL-001,Yes,Yes,0.254,Neutral,West Bengal,Marketing Executive
Female,No,1,Graduate,Salaried,26394,0,910746,180,1,Semiurban,45,Approved,689,316728,0.0,Business,0,2,0,6,143188,No,Unknown,13046,MNC,CHN-007,No,Yes,2.875,Positive,Uttar Pradesh,Farmer
Female,No,2,Not Graduate,Salaried,34732,0,10026620,180,0,Urban,32,Rejected,491,416784,0.0,Home,0,0,0,0,1612759,No,Company,11587,Startup,CHN-007,No,Yes,24.057,Neutral,Uttar Pradesh,IT Consultant
Female,Yes,2,Graduate,Retired,12269,8135,338991,24,1,Rural,28,Approved,750,244848,0.0,Renovation,0,0,0,0,1619439,No,Friend,15424,Public,CHN-007,Yes,Yes,1.384,Negative,Maharashtra,Marketing Executive
Male,No,0,Graduate,Retired,6155,3100,1752610,240,1,Urban,30,Rejected,676,111060,1.706,Business,15792,0,0,0,539591,No,Unknown,5892,Startup,BLR-003,Yes,Yes,15.781,Positive,Punjab,Factory Worker
Female,Yes,2,Graduate,Salaried,53006,11935,2667866,180,0,Semiurban,29,Approved,532,779292,0.227,Business,14769,0,0,8,1913912,No,Spouse,24836,Public,MUM-002,Yes,Yes,3.423,Neutral,West Bengal,Shopkeeper
Male,No,2,Graduate,Salaried,94275,0,979574,300,1,Semiurban,40,Approved,670,1131300,0.117,Home,11013,2,0,1,3959827,No,Company,37202,Public,PUNE-006,Yes,Yes,0.866,Neutral,Karnataka,Shopkeeper
Male,No,0,Not Graduate,Retired,21150,0,994097,240,1,Rural,35,Approved,703,253800,1.907,Business,40326,0,0,3,1231633,No,Spouse,10450,Startup,MUM-002,Yes,Yes,3.917,Neutral,Uttar Pradesh,Driver
Male,Yes,3,Graduate,Salaried,98157,0,5768,60,1,Urban,45,Approved,677,1177884,0.419,Auto,41117,0,0,2,4246477,Yes,Spouse,50042,Public,HYD-005,Yes,Yes,0.005,Neutral,Maharashtra,Civil Engineer
Male,No,0,Not Graduate,Self-Employed,34929,26627,102316,36,1,Rural,27,Approved,638,738672,0.384,Auto,23620,1,0,1,2494453,No,Unknown,27082,Government,KOL-004,Yes,Yes,0.139,Negative,Delhi,Software Engineer
Male,Yes,2,Graduate,Unemployed,18182,0,3776818,240,1,Semiurban,40,Rejected,732,218184,0.483,Home,8775,1,0,0,1461069,No,Parent,5886,Government,HYD-005,Yes,Yes,17.31,Positive,Maharashtra,Marketing Executive
Male,Yes,0,Graduate,Self-Employed,56676,0,4894153,300,1,Rural,35,Approved,647,680112,0.0,Home,0,2,0,0,2363788,No,Spouse,22081,MNC,PUNE-006,Yes,Yes,7.196,Positive,Punjab,Nurse
Female,No,3,Not Graduate,Salaried,45176,0,43842,36,1,Semiurban,37,Approved,636,542112,0.0,Renovation,0,0,0,5,1049656,No,Parent,22585,Government,PUNE-006,Yes,Yes,0.081,Neutral,Uttar Pradesh,Teacher
Female,Yes,0,Not Graduate,Salaried,79902,0,467709,36,0,Semiurban,36,Approved,568,958824,0.765,Medical,61118,2,0,1,3449562,No,Unknown,42324,Startup,DEL-001,Yes,Yes,0.488,Negative,Kerala,Electrician
Male,No,1,Graduate,Salaried,61141,0,6152578,360,1,Urban,34,Rejected,643,733692,0.509,Home,31149,0,0,1,2677797,No,Sibling,28055,MNC,CHN-007,Yes,Yes,8.386,Positive,Karnataka,IT Consultant
Male,Yes,1,Graduate,Salaried,89800,0,182452,36,0,Urban,24,Approved,618,1077600,0.222,Renovation,19918,2,1,3,3940220,Yes,Parent,36039,Private,MUM-002,Yes,Yes,0.169,Negative,Telangana,Factory Worker
Male,Yes,0,Graduate,Self-Employed,116528,14601,6932160,240,0,Semiurban,37,Rejected,488,1573548,0.157,Home,20645,0,2,9,4867058,No,Parent,49605,MNC,BLR-003,Yes,Yes,4.405,Neutral,Uttar Pradesh,Marketing Executive
Male,No,1,Graduate,Self-Employed,3000,0,1400685,240,1,Semiurban,34,Approved,688,36000,3.184,Business,9551,0,0,13,493416,Yes,Spouse,2577,Government,CHN-007,Yes,Yes,38.908,Negative,Kerala,Chartered Accountant
Female,No,0,Graduate,Salaried,75390,0,874983,60,1,Rural,24,Approved,637,904680,0.624,Auto,47011,0,0,3,2542372,No,Unknown,39636,Public,BLR-003,Yes,Yes,0.967,Positive,West Bengal,Small Business Owner
Female,Yes,2,Graduate,Salaried,55631,38073,2808069,240,1,Rural,28,Approved,688,1124448,0.07,Home,6535,1,0,2,3648782,Yes,Unknown,38719,Startup,CHN-007,Yes,Yes,2.497,Negative,Punjab,Factory Worker
Male,Yes,1,Graduate,Self-Employed,80164,71724,29499,36,0,Urban,30,Approved,599,1822656,0.0,Auto,0,0,0,0,5658381,No,Unknown,75063,Public,PUNE-006,Yes,Yes,0.016,Negative,Tamil Nadu,Small Business Owner
Male,Yes,2,Not Graduate,Salaried,75547,0,510894,60,1,Rural,42,Approved,627,906564,0.378,Education,28554,0,0,7,2547456,No,Spouse,31426,Private,DEL-001,Yes,Yes,0.564,Neutral,Telangana,Government Officer
Male,Yes,2,Not Graduate,Salaried,92795,0,3063344,300,1,Urban,32,Approved,757,1113540,0.263,Home,24427,0,0,0,4915444,No,Sibling,47285,Government,PUNE-006,Yes,No,2.751,Positive,Gujarat,Customer Support Executive
Male,No,0,Graduate,Salaried,19389,0,331376,24,1,Rural,25,Rejected,666,232668,1.697,Renovation,32898,1,0,1,1349302,No,Friend,5528,MNC,PUNE-006,Yes,Yes,1.424,Negative,Maharashtra,Farmer
Male,Yes,0,Graduate,Self-Employed,59767,52224,4330922,360,1,Semiurban,32,Approved,710,1343892,0.184,Home,20640,0,0,1,4854791,No,Spouse,50278,Private,CHN-007,Yes,Yes,3.223,Positive,Tamil Nadu,Government Officer
Female,No,0,Graduate,Unemployed,7866,0,1806044,180,1,Semiurban,28,Rejected,703,94392,3.187,Business,25069,1,0,2,743110,No,Unknown,7866,Government,DEL-001,Yes,No,19.133,Neutral,Uttar Pradesh,Farmer
Male,No,0,Graduate,Salaried,62859,0,1960415,360,1,Semiurban,37,Approved,641,754308,0.194,Business,12209,0,0,0,2769624,No,Friend,26469,Government,CHN-007,No,Yes,2.599,Negative,Tamil Nadu,Teacher
Male,No,0,Graduate,Self-Employed,50746,29407,238550,60,1,Semiurban,46,Approved,612,961836,0.529,Medical,42381,1,0,1,2578436,No,Spouse,31709,MNC,KOL-004,Yes,Yes,0.248,Neutral,Gujarat,Government Officer
Male,Yes,1,Graduate,Self-Employed,69245,0,2659802,300,0,Urban,29,Approved,582,830940,0.172,Home,11891,1,0,2,2990742,No,Parent,31016,Public,KOL-004,Yes,Yes,3.201,Negative,Uttar Pradesh,IT Consultant
Male,No,1,Not Graduate,Salaried,56495,0,625394,36,1,Urban,66,Approved,695,677940,0.645,Auto,36433,1,0,11,1443931,No,Unknown,15952,Public,KOL-004,No,Yes,0.922,Negative,Delhi,Software Engineer
Male,Yes,1,Not Graduate,Unemployed,5737,0,4849803,300,1,Semiurban,25,Rejected,627,68844,2.367,Home,13581,1,0,0,114761,No,Parent,2006,Public,CHN-007,Yes,Yes,70.446,Neutral,Karnataka,Teacher
Female,Yes,2,Graduate,Salaried,66708,0,374775,12,1,Urban,36,Approved,732,800496,0.648,Renovation,43238,1,0,3,2454819,No,Friend,30414,MNC,CHN-007,No,Yes,0.468,Neutral,Tamil Nadu,Factory Worker
Male,Yes,0,Graduate,Retired,35458,0,3957425,300,0,Rural,48,Approved,589,425496,0.165,Home,5861,0,0,2,1105941,No,Friend,21065,Startup,HYD-005,Yes,No,9.301,Positive,Telangana,Shopkeeper
Female,Yes,0,Graduate,Self-Employed,54718,0,8961197,300,0,Rural,40,Rejected,529,656616,0.0,Home,0,1,0,2,1791906,No,Sibling,28789,Private,CHN-007,Yes,Yes,13.648,Negative,Karnataka,Nurse
Male,Yes,0,Graduate,Salaried,42178,0,2663585,360,1,Urban,20,Approved,755,506136,0.399,Home,16842,1,0,7,638305,No,Sibling,22233,Public,CHN-007,Yes,Yes,5.263,Negative,Gujarat,Customer Support Executive
Female,No,1,Not Graduate,Salaried,51609,36593,936890,36,0,Rural,28,Rejected,579,1058424,0.313,Auto,27624,0,0,8,2934883,No,Parent,45690,Government,PUNE-006,Yes,No,0.885,Negative,Kerala,Electrician
Male,No,0,Graduate,Self-Employed,17143,13432,1324777,48,0,Semiurban,39,Rejected,530,366900,0.305,Auto,9326,1,0,0,1319191,No,Unknown,17764,Private,PUNE-006,Yes,No,3.611,Positive,Maharashtra,Medical Representative
Female,Yes,1,Graduate,Salaried,5000,0,219509,60,1,Rural,30,Approved,735,60000,0.0,Auto,0,3,0,3,314526,Yes,Parent,2000,Private,MUM-002,Yes,Yes,3.658,Negative,West Bengal,Customer Support Executive
Male,Yes,0,Graduate,Salaried,32611,0,4829102,300,0,Urban,46,Rejected,539,391332,0.789,Home,25727,2,0,1,684369,No,Spouse,14619,Public,HYD-005,No,No,12.34,Negative,West Bengal,Marketing Executive
Male,Yes,0,Graduate,Self-Employed,3000,3686,5327522,360,1,Urban,25,Rejected,617,80232,3.727,Home,24916,1,0,2,117236,No,Company,2000,Public,KOL-004,Yes,Yes,66.401,Negative,Tamil Nadu,Driver
Male,No,0,Graduate,Unemployed,0,0,6829828,300,1,Semiurban,28,Rejected,755,0,24814.0,Home,24814,2,0,4,0,No,Unknown,0,Private,BLR-003,Yes,Yes,100.0,Neutral,Punjab,Shopkeeper
Male,Yes,0,Graduate,Salaried,32249,12537,1776475,240,1,Urban,25,Approved,704,537432,0.0,Business,0,1,0,3,980000,No,Spouse,31112,Public,MUM-002,No,Yes,3.305,Neutral,Kerala,Marketing Executive
Other,Yes,2,Graduate,Salaried,25914,10895,3781668,300,0,Semiurban,40,Rejected,640,441708,0.0,Home,0,1,1,3,2030470,No,Parent,15015,Public,CHN-007,Yes,No,8.561,Neutral,Tamil Nadu,Marketing Executive
Female,Yes,0,Graduate,Self-Employed,18251,17732,444990,60,1,Urban,39,Approved,721,431796,0.099,Education,3570,1,0,6,1347098,No,Friend,16909,Government,PUNE-006,Yes,Yes,1.031,Negative,Tamil Nadu,Teacher
Female,Yes,0,Graduate,Self-Employed,69783,0,30428,36,1,Urban,39,Approved,661,837396,0.0,Renovation,0,3,0,0,3093784,No,Spouse,31051,Public,MUM-002,Yes,Yes,0.036,Negative,Karnataka,Shopkeeper
Male,Yes,0,Graduate,Unemployed,2214,1653,140856,36,0,Semiurban,30,Rejected,560,46404,12.912,Renovation,49929,2,0,3,363158,No,Unknown,3867,MNC,PUNE-006,Yes,Yes,3.035,Neutral,Maharashtra,Customer Support Executive
Female,Yes,0,Not Graduate,Salaried,92230,0,424989,36,1,Urban,27,Approved,627,1106760,0.448,Education,41358,1,0,7,2900089,No,Unknown,38510,Startup,CHN-007,Yes,Yes,0.384,Positive,Kerala,Nurse
Male,Yes,2,Not Graduate,Salaried,40030,8909,9148298,240,0,Urban,31,Rejected,584,587268,0.412,Home,20151,2,0,2,972349,No,Unknown,20275,Private,KOL-004,Yes,Yes,15.578,Negative,Delhi,Farmer
Male,Yes,0,Graduate,Salaried,48033,0,479910,60,1,Urban,33,Approved,632,576396,0.082,Auto,3946,1,0,8,2099250,No,Friend,20981,Public,BLR-003,Yes,Yes,0.833,Negative,Delhi,IT Consultant
Female,Yes,3,Not Graduate,Salaried,40677,34003,8649337,300,1,Urban,33,Approved,762,896160,0.0,Home,0,1,0,0,2221060,No,Spouse,33261,Startup,BLR-003,Yes,Yes,9.652,Negative,Delhi,Delivery Partner
Male,No,0,Graduate,Self-Employed,26860,0,697228,60,1,Rural,31,Approved,779,322320,0.615,Auto,16527,0,0,0,1264309,No,Friend,12510,Private,BLR-003,No,Yes,2.163,Positive,Punjab,Chartered Accountant
Male,Yes,1,Not Graduate,Self-Employed,69020,0,275911,36,1,Urban,38,Approved,656,828240,0.23,Personal,15881,1,0,0,2113283,No,Spouse,25114,Private,BLR-003,Yes,Yes,0.333,Positive,Uttar Pradesh,Small Business Owner
Male,Yes,0,Graduate,Self-Employed,66993,0,207047,60,1,Semiurban,38,Approved,685,803916,0.402,Renovation,26919,0,0,4,2747383,No,Sibling,33876,Private,BLR-003,Yes,Yes,0.258,Positive,Karnataka,Chartered Accountant
Male,Yes,0,Graduate,Salaried,13972,11575,9171930,360,1,Semiurban,39,Rejected,660,306564,0.955,Home,24400,1,0,3,731700,No,Sibling,8690,Government,DEL-001,Yes,Yes,29.918,Neutral,Karnataka,Driver
Male,Yes,0,Graduate,Self-Employed,55894,0,559160,180,0,Urban,36,Rejected,668,670728,0.554,Business,30970,1,2,0,2580411,No,Unknown,31035,Government,HYD-005,Yes,Yes,0.834,Positive,Tamil Nadu,Government Officer
Male,No,0,Not Graduate,Salaried,70195,0,784403,36,1,Rural,33,Approved,729,842340,0.423,Auto,29684,0,0,2,2514013,No,Spouse,37268,Public,DEL-001,Yes,Yes,0.931,Positive,Delhi,Small Business Owner
Male,Yes,1,Graduate,Unemployed,0,0,3416291,180,1,Rural,29,Approved,689,0,0.0,Home,0,0,0,2,1150110,Yes,Unknown,0,Private,KOL-004,Yes,Yes,100.0,Positive,Punjab,Teacher
Male,No,1,Not Graduate,Self-Employed,89759,0,5502850,300,1,Semiurban,36,Approved,677,1077108,0.458,Home,41096,1,0,0,2860370,Yes,Unknown,39931,Private,PUNE-006,No,Yes,5.109,Neutral,Uttar Pradesh,Marketing Executive
Female,No,1,Graduate,Salaried,59710,0,4045,360,1,Rural,32,Approved,659,716520,0.031,Home,1836,1,0,1,2040190,No,Sibling,29293,Private,BLR-003,Yes,Yes,0.006,Negative,Maharashtra,Government Officer
Male,Yes,1,Not Graduate,Salaried,64676,38975,3057905,180,1,Semiurban,34,Approved,635,1243812,0.336,Business,34852,0,0,0,3033717,Yes,Unknown,48916,Public,PUNE-006,Yes,Yes,2.458,Neutral,Telangana,IT Consultant
Male,No,1,Graduate,Salaried,63686,0,113088,36,1,Rural,48,Approved,633,764232,0.542,Personal,34500,2,0,0,2422233,No,Sibling,21111,Public,BLR-003,Yes,Yes,0.148,Positive,Gujarat,Delivery Partner
Male,Yes,0,Not Graduate,Salaried,46995,0,57952,60,1,Urban,41,Approved,633,563940,0.424,Renovation,19913,3,0,0,1802220,No,Sibling,22952,Private,MUM-002,No,Yes,0.103,Negative,Telangana,Chartered Accountant
Female,Yes,1,Graduate,Salaried,68940,0,132413,24,0,Urban,43,Rejected,607,827280,0.456,Personal,31453,0,2,0,3195344,No,Unknown,32880,MNC,HYD-005,Yes,Yes,0.16,Negative,Delhi,Small Business Owner
Male,No,1,Graduate,Salaried,62580,0,1845398,300,1,Semiurban,37,Approved,664,750960,0.0,Home,0,1,0,0,1706319,No,Spouse,34317,MNC,CHN-007,Yes,Yes,2.457,Positive,Maharashtra,Government Officer
Male,No,0,Graduate,Salaried,5000,920,2833582,240,1,Rural,24,Rejected,802,71040,5.855,Home,34661,0,0,3,740430,No,Parent,5920,Startup,DEL-001,Yes,Yes,39.887,Negative,Punjab,Shopkeeper
Female,Yes,0,Graduate,Salaried,51486,0,1098722,240,0,Semiurban,46,Rejected,518,617832,0.364,Business,18727,1,0,7,2313671,No,Sibling,15868,Government,BLR-003,Yes,Yes,1.778,Negative,Delhi,Marketing Executive
Female,No,0,Not Graduate,Salaried,75177,0,9375298,300,0,Urban,30,Approved,587,902124,0.221,Home,16627,2,0,0,3562727,No,Spouse,31263,Private,HYD-005,Yes,Yes,10.392,Negative,Maharashtra,Delivery Partner
Male,Yes,2,Graduate,Unemployed,16768,0,9661036,300,1,Rural,44,Approved,721,201216,0.141,Home,2361,1,0,0,96417,No,Parent,7879,Public,BLR-003,Yes,Yes,48.013,Neutral,Telangana,Factory Worker
Female,No,0,Not Graduate,Self-Employed,11552,2173,345386,48,1,Urban,40,Approved,725,164700,0.0,Renovation,0,0,0,1,1031047,No,Spouse,4312,MNC,PUNE-006,Yes,No,2.097,Neutral,Uttar Pradesh,Factory Worker
Male,No,1,Graduate,Salaried,58929,0,1041070,240,1,Urban,32,Approved,704,707148,0.977,Business,57553,0,0,2,961093,No,Unknown,25025,Private,KOL-004,No,Yes,1.472,Neutral,Punjab,Small Business Owner
Male,No,2,Not Graduate,Unemployed,2940,597,329481,36,1,Urban,30,Rejected,774,42444,8.842,Personal,31275,1,0,0,281199,No,Unknown,3537,Public,MUM-002,Yes,Yes,7.763,Negative,Gujarat,Customer Support Executive
Male,No,0,Graduate,Unemployed,2303,1508,44746,300,1,Urban,44,Approved,643,45732,4.116,Home,15687,2,0,0,190552,Yes,Friend,2000,Startup,PUNE-006,Yes,Yes,0.978,Negative,Delhi,Factory Worker
Male,Yes,0,Graduate,Unemployed,2428,0,253792,60,0,Semiurban,42,Rejected,506,29136,11.908,Auto,28913,0,2,1,0,No,Spouse,2428,Public,KOL-004,Yes,Yes,8.711,Positive,West Bengal,IT Consultant
Female,No,1,Graduate,Self-Employed,11317,0,2321391,180,0,Rural,38,Rejected,572,135804,4.821,Home,54557,2,0,0,604927,No,Unknown,7380,Startup,MUM-002,Yes,Yes,17.094,Neutral,Maharashtra,Marketing Executive
Male,Yes,1,Graduate,Salaried,53495,0,895399,48,1,Rural,29,Approved,645,641940,0.151,Auto,8091,1,0,0,1823213,Yes,Friend,22933,Private,HYD-005,Yes,No,1.395,Negative,Telangana,Customer Support Executive
Male,Yes,0,Graduate,Retired,8825,2204,1006657,240,1,Rural,49,Rejected,680,132348,3.485,Business,38435,0,0,0,754136,Yes,Spouse,11029,MNC,KOL-004,Yes,Yes,7.606,Neutral,West Bengal,Nurse
Male,Yes,0,Graduate,Self-Employed,8375,0,707374,24,1,Semiurban,37,Rejected,614,100500,1.261,Personal,10564,1,0,1,630533,No,Unknown,2000,Startup,DEL-001,Yes,No,7.039,Negative,West Bengal,Nurse
Female,Yes,1,Graduate,Salaried,58108,0,1891012,360,1,Urban,41,Approved,644,697296,0.237,Home,13756,0,0,0,1495200,No,Friend,16982,Government,PUNE-006,Yes,Yes,2.712,Neutral,Maharashtra,Software Engineer
Female,No,1,Not Graduate,Salaried,38787,0,1366861,48,1,Urban,29,Approved,712,465444,0.367,Auto,14242,0,0,1,444472,Yes,Friend,25072,MNC,BLR-003,Yes,Yes,2.937,Negative,Gujarat,Chartered Accountant
Male,Yes,3,Graduate,Self-Employed,59440,82881,1738913,240,0,Rural,29,Approved,572,1707852,0.298,Business,42397,0,0,9,4581961,Yes,Friend,72134,Startup,BLR-003,Yes,Yes,1.018,Positive,Uttar Pradesh,Delivery Partner
Male,Yes,0,Not Graduate,Salaried,43457,0,1993854,240,1,Semiurban,33,Approved,741,521484,0.0,Business,0,1,0,4,1886729,No,Sibling,17120,MNC,CHN-007,Yes,Yes,3.823,Positive,Gujarat,Farmer
Male,Yes,1,Not Graduate,Salaried,56701,0,1298544,60,0,Semiurban,25,Approved,591,680412,0.0,Auto,0,1,0,3,1548048,Yes,Unknown,21046,MNC,MUM-002,Yes,No,1.908,Neutral,West Bengal,Medical Representative
Female,No,0,Graduate,Self-Employed,23250,18745,9865621,300,1,Semiurban,33,Approved,632,503940,0.11,Home,4603,0,0,0,1587589,No,Unknown,24673,Startup,MUM-002,Yes,Yes,19.577,Neutral,Uttar Pradesh,IT Consultant
Male,No,0,Not Graduate,Unemployed,7918,0,912696,60,1,Semiurban,38,Rejected,688,95016,0.597,Auto,4724,0,0,2,0,No,Parent,7079,Startup,HYD-005,Yes,Yes,9.606,Neutral,Kerala,Government Officer
Female,No,1,Graduate,Salaried,10938,3995,2746498,300,1,Semiurban,51,Approved,639,179196,0.0,Home,0,0,0,2,1563375,No,Parent,2458,Startup,DEL-001,No,Yes,15.327,Neutral,Karnataka,Civil Engineer
Male,No,0,Not Graduate,Salaried,25869,11902,523308,180,0,Rural,43,Approved,548,453252,0.643,Business,24282,1,0,3,1273282,No,Sibling,17569,MNC,DEL-001,Yes,No,1.155,Negative,West Bengal,Teacher
Male,Yes,1,Not Graduate,Salaried,22605,15371,386597,36,0,Rural,42,Approved,575,455712,0.117,Education,4445,0,0,7,1289501,No,Spouse,15058,Public,KOL-004,Yes,Yes,0.848,Neutral,Maharashtra,Delivery Partner
Female,No,0,Graduate,Salaried,84962,110687,736319,36,1,Urban,31,Approved,743,2347788,0.211,Auto,41189,1,0,7,5909487,No,Unknown,88170,Startup,CHN-007,Yes,Yes,0.314,Negative,Tamil Nadu,Bank Officer
Other,No,0,Not Graduate,Salaried,51616,0,2677190,180,1,Rural,55,Approved,648,619392,0.204,Home,10526,3,0,7,1784860,Yes,Sibling,28550,Public,DEL-001,Yes,Yes,4.322,Negative,Maharashtra,Small Business Owner
Male,Yes,1,Graduate,Self-Employed,70615,61592,476551,60,1,Semiurban,33,Approved,737,1586484,0.43,Personal,56866,0,0,7,4863446,No,Spouse,56351,Startup,HYD-005,Yes,Yes,0.3,Positive,Punjab,Chartered Accountant
Male,No,0,Graduate,Salaried,50217,0,1054184,72,1,Rural,44,Approved,687,602604,0.0,Auto,0,0,0,0,2323429,No,Spouse,26508,MNC,MUM-002,Yes,No,1.749,Negative,Telangana,Nurse
Male,Yes,0,Graduate,Unemployed,0,0,5924575,300,1,Rural,31,Approved,709,0,0.0,Home,0,0,0,4,0,No,Parent,0,MNC,BLR-003,Yes,Yes,100.0,Neutral,Kerala,IT Consultant
Male,Yes,0,Graduate,Salaried,34926,9509,631694,48,1,Rural,28,Approved,663,533220,0.573,Education,25479,0,0,9,1510981,No,Spouse,20963,Public,BLR-003,Yes,Yes,1.185,Neutral,Telangana,Shopkeeper
Male,Yes,0,Not Graduate,Self-Employed,100864,0,9750951,300,1,Urban,21,Approved,654,1210368,0.231,Home,23298,3,0,5,4007035,Yes,Sibling,46322,MNC,CHN-007,Yes,Yes,8.056,Positive,Punjab,Marketing Executive
Female,Yes,0,Graduate,Salaried,50038,75654,8015477,300,1,Urban,34,Approved,798,1508304,0.111,Home,13943,1,0,0,4196682,No,Parent,57703,MNC,CHN-007,Yes,Yes,5.314,Positive,West Bengal,Bank Officer
Female,No,0,Graduate,Salaried,77437,0,65613,36,0,Urban,25,Approved,571,929244,0.114,Personal,8829,2,0,3,2593986,No,Parent,38409,Startup,MUM-002,Yes,Yes,0.071,Negative,Tamil Nadu,Small Business Owner
Male,Yes,2,Graduate,Unemployed,11152,4450,1979239,360,0,Semiurban,25,Rejected,507,187224,1.442,Business,22496,1,0,0,1065907,No,Parent,13522,Private,KOL-004,Yes,Yes,10.572,Negative,Uttar Pradesh,Customer Support Executive
Male,Yes,1,Graduate,Salaried,120034,0,470846,36,1,Semiurban,26,Approved,685,1440408,0.165,Education,19794,3,0,2,4164993,No,Sibling,48376,MNC,MUM-002,Yes,Yes,0.327,Neutral,West Bengal,Electrician
Male,No,0,Graduate,Salaried,45933,0,367716,60,1,Rural,39,Approved,612,551196,0.821,Personal,37692,1,0,4,1744478,Yes,Unknown,22141,MNC,MUM-002,Yes,Yes,0.667,Negative,Delhi,Shopkeeper
Male,No,0,Not Graduate,Salaried,34788,0,3871288,180,1,Semiurban,21,Rejected,638,417456,0.475,Home,16510,1,0,0,542059,No,Sibling,8017,Private,HYD-005,Yes,No,9.274,Neutral,Delhi,Software Engineer
Female,No,0,Graduate,Salaried,99088,72736,256117,24,1,Rural,41,Approved,770,2061888,0.115,Personal,19698,1,0,0,5742344,No,Spouse,77773,Government,KOL-004,Yes,Yes,0.124,Positive,Kerala,Customer Support Executive
Male,Yes,0,Graduate,Salaried,54139,0,6285569,360,0,Rural,41,Rejected,552,649668,0.215,Home,11650,2,2,12,2099790,No,Parent,23068,Public,MUM-002,Yes,No,9.675,Positive,Gujarat,Driver
Female,No,0,Graduate,Self-Employed,3000,0,634498,12,0,Rural,34,Rejected,589,36000,14.195,Medical,42586,0,0,1,672301,No,Spouse,3000,Government,KOL-004,Yes,Yes,17.625,Neutral,Maharashtra,Bank Officer
Female,No,1,Graduate,Retired,50257,0,57427,48,0,Urban,40,Approved,636,603084,0.27,Personal,13587,0,1,0,1966229,No,Parent,19237,Public,BLR-003,Yes,Yes,0.095,Positive,Delhi,Marketing Executive
Female,Yes,0,Graduate,Unemployed,1710,1003,386313,120,1,Rural,46,Rejected,646,32556,3.264,Business,8856,0,0,0,260410,No,Parent,2713,Public,KOL-004,No,Yes,11.866,Neutral,Punjab,Civil Engineer
Female,Yes,0,Graduate,Salaried,81288,0,64342,24,1,Rural,55,Approved,669,975456,0.075,Personal,6115,0,0,0,2934067,No,Parent,42309,MNC,KOL-004,Yes,Yes,0.066,Neutral,Delhi,Medical Representative
Male,Yes,0,Graduate,Salaried,8706,6125,1982926,120,1,Urban,21,Rejected,785,177972,2.693,Business,39936,1,0,0,445761,No,Parent,2781,MNC,CHN-007,Yes,No,11.142,Neutral,Kerala,Civil Engineer
Female,Yes,1,Graduate,Unemployed,209,63,499926,24,1,Urban,29,Rejected,622,3264,119.596,Renovation,32530,1,0,0,675291,No,Spouse,272,Government,BLR-003,No,No,153.164,Neutral,Karnataka,Small Business Owner
Female,Yes,0,Not Graduate,Retired,16763,6071,2512038,360,1,Rural,43,Rejected,626,274008,1.175,Home,26831,1,0,3,718443,No,Spouse,16086,Government,MUM-002,Yes,Yes,9.168,Negative,Tamil Nadu,Factory Worker
Male,Yes,0,Not Graduate,Salaried,42106,0,4931102,360,1,Semiurban,47,Approved,761,505272,0.332,Home,13998,0,0,4,1661341,No,Unknown,12348,Startup,DEL-001,Yes,No,9.759,Negative,Punjab,Chartered Accountant
Female,Yes,0,Graduate,Self-Employed,3000,0,254919,180,1,Semiurban,31,Rejected,657,36000,8.128,Business,24385,3,0,1,0,No,Parent,2000,Government,MUM-002,Yes,Yes,7.081,Positive,Maharashtra,Small Business Owner
Female,Yes,0,Not Graduate,Self-Employed,95267,0,1164541,180,1,Rural,50,Approved,677,1143204,0.0,Home,0,0,0,0,3635693,No,Parent,38881,Public,CHN-007,No,Yes,1.019,Negative,Tamil Nadu,Software Engineer
Female,Yes,0,Not Graduate,Self-Employed,30909,21250,250486,48,0,Rural,29,Approved,564,625908,0.138,Medical,7213,1,0,0,631529,No,Parent,26770,Public,BLR-003,Yes,Yes,0.4,Positive,Maharashtra,Bank Officer
Male,Yes,1,Graduate,Salaried,69831,16690,105491,12,1,Rural,26,Approved,670,1038252,0.659,Personal,57054,2,0,0,3093920,No,Friend,37256,Private,KOL-004,Yes,Yes,0.102,Negative,Kerala,Software Engineer
Male,Yes,1,Not Graduate,Self-Employed,48690,0,1579267,36,1,Urban,33,Approved,664,584280,0.376,Auto,18321,2,0,4,1261162,No,Unknown,15575,Government,MUM-002,Yes,Yes,2.703,Positive,Gujarat,Shopkeeper
Male,Yes,2,Graduate,Salaried,51270,35068,319300,48,1,Rural,18,Approved,656,1036056,0.522,Education,45081,0,0,0,3068872,No,Spouse,44379,Private,BLR-003,Yes,Yes,0.308,Negative,Kerala,Nurse
Female,No,0,Graduate,Self-Employed,3000,0,127979,12,1,Urban,27,Rejected,715,36000,10.087,Medical,30262,3,0,2,531762,No,Parent,3000,Private,HYD-005,Yes,Yes,3.555,Neutral,Karnataka,Delivery Partner
Female,No,0,Graduate,Salaried,25376,8642,2500484,300,1,Urban,42,Rejected,624,408216,0.47,Home,15996,0,0,7,345977,No,Spouse,15415,Private,PUNE-006,Yes,No,6.125,Positive,Kerala,Small Business Owner
Female,Yes,2,Graduate,Salaried,66095,0,3284214,300,1,Urban,32,Approved,754,793140,0.474,Home,31306,0,0,0,1747997,Yes,Spouse,36097,Public,PUNE-006,Yes,Yes,4.141,Positive,Telangana,Electrician
Male,Yes,0,Graduate,Salaried,33616,22791,1468905,300,1,Urban,39,Rejected,749,676884,0.82,Home,46247,1,0,1,2014117,No,Unknown,25464,Startup,CHN-007,Yes,No,2.17,Positive,Kerala,Delivery Partner
Male,Yes,1,Graduate,Unemployed,3348,3409,117903,36,0,Urban,47,Rejected,506,81084,8.279,Personal,55940,0,2,1,664656,No,Spouse,4167,Startup,PUNE-006,Yes,Yes,1.454,Neutral,Uttar Pradesh,Software Engineer
Male,Yes,0,Not Graduate,Salaried,81865,20141,1660126,240,1,Rural,25,Approved,655,1224072,0.245,Home,25028,1,0,1,3717145,Yes,Spouse,45237,Startup,CHN-007,No,Yes,1.356,Positive,Uttar Pradesh,Teacher
Female,Yes,0,Graduate,Salaried,96307,46348,5503587,300,0,Rural,31,Approved,533,1711860,0.05,Home,7102,0,0,2,6315387,No,Friend,60512,Private,CHN-007,Yes,Yes,3.215,Negative,Karnataka,Software Engineer
Female,No,2,Graduate,Unemployed,10149,3998,88110,48,1,Semiurban,36,Approved,722,169764,0.665,Personal,9404,0,0,4,783523,No,Parent,2603,Private,CHN-007,Yes,Yes,0.519,Neutral,Tamil Nadu,Medical Representative
Male,No,2,Graduate,Unemployed,7908,0,409762,60,1,Rural,40,Rejected,760,94896,5.049,Business,39924,0,0,0,400659,No,Spouse,2000,Startup,MUM-002,Yes,No,4.318,Neutral,Gujarat,Nurse
Male,Yes,1,Not Graduate,Salaried,40422,0,1757895,240,0,Urban,32,Rejected,541,485064,0.855,Business,34557,2,0,1,1880612,No,Friend,19320,MNC,CHN-007,Yes,No,3.624,Positive,Karnataka,Bank Officer
Female,Yes,0,Not Graduate,Salaried,48363,0,2662877,360,1,Urban,30,Approved,652,580356,0.399,Business,19289,0,0,1,1688940,No,Company,28202,Government,BLR-003,Yes,Yes,4.588,Positive,Punjab,Delivery Partner
Male,Yes,0,Graduate,Salaried,48907,0,2434670,240,1,Semiurban,40,Approved,609,586884,0.374,Business,18278,2,0,4,2152384,Yes,Spouse,25569,MNC,BLR-003,Yes,Yes,4.148,Negative,Tamil Nadu,Nurse
Male,Yes,0,Graduate,Unemployed,12151,0,631576,48,1,Rural,21,Approved,835,145812,2.94,Education,35730,1,0,4,1030960,No,Parent,3126,Government,PUNE-006,Yes,Yes,4.331,Neutral,Delhi,IT Consultant
Female,No,0,Not Graduate,Self-Employed,7986,0,298129,48,0,Urban,24,Rejected,614,95832,0.48,Personal,3831,0,2,3,735894,Yes,Parent,2000,Public,CHN-007,Yes,Yes,3.111,Positive,Delhi,Electrician
Male,Yes,0,Graduate,Salaried,59545,0,531994,12,0,Semiurban,40,Approved,565,714540,0.54,Renovation,32184,1,1,8,1881509,Yes,Unknown,31888,Government,KOL-004,Yes,Yes,0.745,Neutral,West Bengal,Bank Officer
Female,No,2,Graduate,Salaried,99638,68932,510254,48,1,Semiurban,48,Approved,633,2022840,0.08,Auto,13433,0,0,2,6681849,No,Friend,78113,Startup,DEL-001,Yes,Yes,0.252,Negative,Karnataka,IT Consultant
Female,No,1,Graduate,Salaried,84244,0,352679,24,1,Semiurban,20,Approved,753,1010928,0.0,Education,0,1,0,0,2299478,No,Parent,31823,Startup,MUM-002,Yes,Yes,0.349,Positive,Telangana,Bank Officer
Male,Yes,2,Graduate,Salaried,47412,0,44516,24,1,Semiurban,32,Approved,648,568944,0.231,Personal,10936,4,0,12,1065775,No,Friend,15895,Private,BLR-003,No,Yes,0.078,Negative,Kerala,Customer Support Executive
Female,Yes,0,Not Graduate,Salaried,75261,0,5747469,180,0,Rural,36,Approved,577,903132,0.325,Home,24443,0,0,0,2368214,No,Parent,35665,Startup,CHN-007,Yes,Yes,6.364,Neutral,Telangana,Teacher
Male,Yes,2,Graduate,Unemployed,12793,0,5540788,240,0,Semiurban,46,Rejected,586,153516,0.0,Home,0,1,1,0,326209,No,Parent,7495,MNC,BLR-003,Yes,Yes,36.093,Positive,West Bengal,Farmer
Male,No,0,Graduate,Salaried,5000,0,7883280,240,1,Semiurban,31,Approved,676,60000,0.0,Home,0,0,0,2,0,No,Friend,2000,MNC,DEL-001,Yes,Yes,131.388,Neutral,Delhi,Teacher
Male,Yes,0,Graduate,Self-Employed,59589,69774,8972247,240,1,Urban,34,Approved,686,1552356,0.0,Home,0,1,0,1,4995058,Yes,Spouse,57910,Public,HYD-005,Yes,Yes,5.78,Neutral,Gujarat,Teacher
Female,Yes,3,Graduate,Salaried,55914,0,1084953,240,0,Semiurban,29,Rejected,537,670968,0.72,Business,40251,2,3,0,1836179,No,Unknown,24101,Public,PUNE-006,Yes,Yes,1.617,Neutral,Delhi,Medical Representative
Male,No,1,Not Graduate,Salaried,20226,0,563268,24,1,Semiurban,20,Approved,609,242712,0.0,Medical,0,0,0,3,1014319,No,Spouse,5950,Government,KOL-004,Yes,Yes,2.321,Negative,Maharashtra,Bank Officer
Male,No,3,Not Graduate,Salaried,22520,29702,235608,48,0,Rural,19,Approved,484,626664,0.0,Renovation,0,1,0,1,3151511,No,Unknown,23113,Public,MUM-002,Yes,Yes,0.376,Positive,Uttar Pradesh,Government Officer
Male,Yes,2,Graduate,Self-Employed,59945,0,823945,240,1,Semiurban,40,Rejected,642,719340,0.319,Business,19098,0,0,4,1984843,No,Unknown,21481,MNC,PUNE-006,Yes,Yes,1.145,Negative,Kerala,Delivery Partner
Male,Yes,0,Graduate,Salaried,20956,23075,217852,36,1,Semiurban,40,Approved,758,528372,0.42,Renovation,18476,2,0,9,1358618,No,Parent,26341,Public,DEL-001,No,No,0.412,Neutral,Tamil Nadu,Software Engineer
Male,Yes,3,Graduate,Salaried,115061,74093,9259757,180,1,Rural,56,Approved,617,2269848,0.0,Home,0,2,0,7,6964030,No,Sibling,90772,Startup,BLR-003,Yes,Yes,4.079,Positive,Kerala,Civil Engineer
Male,No,0,Graduate,Salaried,59208,0,1506393,48,1,Urban,42,Approved,653,710496,0.4,Auto,23693,0,0,3,2438339,No,Unknown,32869,Startup,KOL-004,No,No,2.12,Negative,Punjab,Bank Officer
Male,Yes,2,Not Graduate,Salaried,5000,0,261997,24,1,Urban,37,Rejected,708,60000,0.968,Education,4839,0,0,3,230711,No,Unknown,2000,MNC,PUNE-006,No,Yes,4.367,Positive,West Bengal,Driver
Male,Yes,0,Graduate,Salaried,5000,1537,442684,300,1,Urban,29,Rejected,752,78444,5.296,Home,34621,1,0,4,1102058,No,Parent,2000,Public,BLR-003,Yes,Yes,5.643,Neutral,West Bengal,Factory Worker
Female,No,0,Not Graduate,Salaried,19185,0,2416240,120,1,Rural,28,Rejected,711,230220,1.663,Business,31898,1,0,5,1545785,No,Friend,10488,Public,BLR-003,Yes,Yes,10.495,Negative,Delhi,Teacher
Female,Yes,1,Graduate,Salaried,45095,0,350079,12,1,Rural,28,Approved,766,541140,0.614,Personal,27686,0,0,0,1618612,Yes,Unknown,23820,Startup,BLR-003,Yes,Yes,0.647,Negative,Karnataka,Civil Engineer
Male,Yes,0,Graduate,Unemployed,8925,0,1721353,300,0,Urban,33,Rejected,529,107100,0.479,Home,4276,0,0,1,497882,Yes,Unknown,6173,Public,KOL-004,Yes,Yes,16.072,Positive,Tamil Nadu,Small Business Owner
Male,No,1,Graduate,Salaried,61095,0,2752679,300,0,Urban,28,Rejected,669,733140,0.0,Home,0,2,1,5,2323242,No,Parent,23654,Private,CHN-007,Yes,No,3.755,Positive,Tamil Nadu,Government Officer
Male,Yes,0,Graduate,Salaried,33599,0,2611631,360,1,Semiurban,21,Approved,735,403188,0.662,Business,22250,0,0,4,1871027,No,Parent,12361,Government,MUM-002,Yes,No,6.477,Positive,Uttar Pradesh,Chartered Accountant
Female,No,2,Graduate,Salaried,49117,64281,149066,48,1,Urban,25,Approved,682,1360776,0.077,Auto,8703,0,0,2,3745036,No,Spouse,63850,Private,PUNE-006,No,Yes,0.11,Negative,Punjab,Driver
Female,Yes,2,Graduate,Salaried,41843,0,406590,60,1,Urban,26,Approved,689,502116,1.019,Renovation,42630,0,0,7,2043987,No,Parent,19342,Private,CHN-007,Yes,Yes,0.81,Neutral,Maharashtra,IT Consultant
Female,No,0,Not Graduate,Self-Employed,23964,0,2712476,180,1,Rural,28,Approved,656,287568,0.299,Business,7159,0,0,3,835761,No,Unknown,7069,Startup,BLR-003,Yes,Yes,9.432,Negative,West Bengal,Marketing Executive
Female,Yes,0,Graduate,Salaried,63440,0,6880832,300,1,Semiurban,29,Approved,605,761280,0.472,Home,29948,1,0,3,2286817,No,Spouse,24431,Public,DEL-001,Yes,Yes,9.039,Negative,Tamil Nadu,Small Business Owner
Male,Yes,2,Graduate,Salaried,20617,0,165102,24,1,Semiurban,33,Approved,834,247404,0.492,Personal,10146,0,0,3,725769,Yes,Spouse,6997,Public,CHN-007,Yes,No,0.667,Neutral,Gujarat,Farmer
Male,Yes,1,Graduate,Salaried,32059,0,109233,24,0,Urban,42,Approved,571,384708,0.135,Personal,4324,0,0,3,834395,No,Spouse,19424,Private,PUNE-006,No,Yes,0.284,Positive,Delhi,Government Officer
Female,Yes,0,Not Graduate,Self-Employed,3112,2771,2962144,300,0,Rural,18,Rejected,456,70596,1.858,Home,10932,1,0,1,14025,No,Parent,5883,MNC,MUM-002,Yes,Yes,41.959,Neutral,Maharashtra,Nurse
Male,Yes,2,Graduate,Salaried,29171,0,2565963,180,0,Urban,26,Rejected,526,350052,0.656,Business,19148,0,0,0,1089098,Yes,Friend,20847,MNC,MUM-002,Yes,Yes,7.33,Neutral,Tamil Nadu,Factory Worker
Female,Yes,0,Graduate,Salaried,29695,17238,4236533,240,0,Urban,38,Rejected,525,563196,0.399,Home,18735,0,1,1,1505684,No,Spouse,24327,Public,CHN-007,Yes,Yes,7.522,Neutral,Uttar Pradesh,Software Engineer
Female,Yes,0,Graduate,Salaried,76177,0,390269,60,1,Rural,58,Approved,747,914124,0.0,Medical,0,1,0,1,1802881,Yes,Unknown,26449,MNC,KOL-004,Yes,No,0.427,Negative,Uttar Pradesh,Civil Engineer
Male,Yes,2,Graduate,Unemployed,3229,0,505726,36,1,Rural,32,Rejected,735,38748,6.312,Education,20380,1,0,0,0,Yes,Spouse,3229,Government,PUNE-006,Yes,Yes,13.052,Neutral,Karnataka,Marketing Executive
Male,Yes,0,Graduate,Salaried,5000,0,887178,48,1,Urban,30,Rejected,711,60000,1.493,Auto,7465,2,0,5,61870,No,Friend,5000,Startup,DEL-001,No,No,14.786,Negative,Tamil Nadu,Delivery Partner
Male,Yes,0,Graduate,Salaried,54162,2787,970000,300,1,Urban,39,Approved,663,683388,0.0,Home,0,1,0,1,1860816,No,Parent,19940,Private,PUNE-006,Yes,Yes,1.419,Negative,Tamil Nadu,Civil Engineer
Male,Yes,0,Graduate,Salaried,48627,0,4840054,240,1,Urban,33,Approved,677,583524,0.337,Home,16390,1,0,0,1011740,No,Sibling,22708,Startup,CHN-007,Yes,Yes,8.295,Negative,Maharashtra,Civil Engineer
Male,No,0,Not Graduate,Self-Employed,39608,0,520343,60,1,Urban,42,Approved,759,475296,0.898,Personal,35553,2,0,2,731468,No,Unknown,17145,Public,DEL-001,Yes,Yes,1.095,Negative,Punjab,Nurse
Male,No,1,Graduate,Salaried,43156,0,360334,12,1,Semiurban,35,Approved,615,517872,0.383,Personal,16538,0,0,1,1498120,Yes,Parent,16875,Government,DEL-001,Yes,Yes,0.696,Positive,Karnataka,IT Consultant
Male,No,3,Graduate,Self-Employed,64772,0,4772303,300,0,Rural,32,Rejected,527,777264,0.256,Home,16606,1,0,1,2166892,Yes,Unknown,42941,Private,PUNE-006,Yes,Yes,6.14,Negative,Karnataka,Nurse
Female,Yes,0,Not Graduate,Salaried,71369,0,192568,36,1,Urban,23,Approved,699,856428,0.408,Medical,29153,0,0,2,2576986,Yes,Company,28250,Startup,KOL-004,No,Yes,0.225,Positive,Tamil Nadu,Teacher
Male,Yes,0,Graduate,Salaried,62037,0,420976,60,1,Semiurban,28,Approved,726,744444,0.683,Auto,42377,1,0,1,1484402,No,Spouse,28673,Public,DEL-001,Yes,Yes,0.565,Positive,Punjab,IT Consultant
Female,No,0,Graduate,Self-Employed,3000,0,5727933,360,0,Rural,30,Rejected,672,36000,8.862,Home,26587,0,1,4,432546,No,Sibling,3000,Startup,DEL-001,Yes,Yes,159.109,Positive,Kerala,IT Consultant
Male,Yes,0,Graduate,Salaried,40076,0,2656618,120,0,Semiurban,43,Rejected,521,480912,1.06,Business,42495,0,0,0,1398068,Yes,Parent,18333,Public,HYD-005,Yes,No,5.524,Positive,Uttar Pradesh,Software Engineer
Male,Yes,0,Graduate,Unemployed,16046,10831,1501825,300,0,Urban,49,Rejected,584,322524,2.346,Home,63063,3,0,0,1031356,Yes,Parent,17726,Private,CHN-007,Yes,Yes,4.656,Negative,Tamil Nadu,Farmer
Female,No,0,Graduate,Retired,44427,33852,7045979,300,1,Urban,19,Approved,600,939348,0.458,Home,35834,1,0,6,2163050,No,Sibling,25698,Startup,MUM-002,Yes,Yes,7.501,Neutral,Punjab,IT Consultant
Male,No,2,Graduate,Salaried,60349,0,293884,12,1,Rural,28,Approved,672,724188,0.0,Personal,0,2,0,6,1676519,No,Unknown,22976,Public,PUNE-006,Yes,Yes,0.406,Negative,Uttar Pradesh,Chartered Accountant
Male,No,2,Graduate,Salaried,69204,85053,440740,48,0,Rural,24,Rejected,627,1851084,0.0,Personal,0,1,1,1,6404448,No,Parent,63931,Government,DEL-001,Yes,No,0.238,Negative,Uttar Pradesh,Bank Officer
Female,No,0,Graduate,Unemployed,10478,7665,10904733,240,1,Urban,27,Rejected,656,217716,2.126,Home,38567,2,0,0,455614,Yes,Parent,7783,Private,PUNE-006,Yes,Yes,50.087,Neutral,Delhi,Software Engineer
Female,Yes,1,Graduate,Self-Employed,43304,29420,1960869,120,1,Urban,42,Approved,730,872688,0.234,Business,17040,1,0,2,2965980,No,Unknown,28928,Government,MUM-002,Yes,Yes,2.247,Negative,Kerala,Marketing Executive
Male,Yes,1,Not Graduate,Self-Employed,10849,0,4211716,240,1,Semiurban,31,Rejected,760,130188,3.576,Home,38798,0,0,9,941711,No,Friend,2062,Private,PUNE-006,Yes,Yes,32.351,Negative,West Bengal,IT Consultant
Male,No,1,Graduate,Salaried,30578,15310,346091,12,1,Rural,23,Approved,612,550656,0.62,Medical,28459,1,0,3,932115,No,Parent,14542,Private,CHN-007,Yes,Yes,0.629,Positive,Uttar Pradesh,Shopkeeper
Female,Yes,1,Not Graduate,Self-Employed,65575,0,246943,120,0,Urban,39,Approved,598,786900,0.066,Business,4309,2,0,6,2945142,No,Spouse,34439,Government,PUNE-006,Yes,Yes,0.314,Neutral,Tamil Nadu,Driver
Male,Yes,2,Graduate,Salaried,62308,44691,570690,24,1,Urban,28,Approved,671,1283988,0.271,Medical,29011,0,0,0,4648725,No,Spouse,51352,Public,HYD-005,Yes,Yes,0.444,Negative,Punjab,Software Engineer
Male,Yes,0,Not Graduate,Salaried,25514,7343,1617517,360,1,Urban,30,Approved,713,394284,0.241,Business,7915,0,0,3,48989,No,Spouse,24520,Public,DEL-001,Yes,No,4.102,Positive,West Bengal,Delivery Partner
Male,Yes,0,Graduate,Salaried,81025,114582,572652,36,1,Rural,30,Approved,778,2347284,0.027,Personal,5228,0,0,1,7742001,No,Spouse,80774,MNC,DEL-001,Yes,Yes,0.244,Neutral,Maharashtra,Factory Worker
Female,Yes,0,Graduate,Self-Employed,38642,0,247667,48,0,Rural,29,Approved,579,463704,0.367,Medical,14179,0,0,0,665502,No,Spouse,15386,Public,DEL-001,Yes,Yes,0.534,Neutral,Uttar Pradesh,Factory Worker
Male,Yes,0,Graduate,Salaried,68975,0,387813,360,1,Rural,42,Approved,609,827700,0.121,Business,8319,0,0,4,2434773,No,Spouse,39102,Public,HYD-005,Yes,Yes,0.469,Negative,Tamil Nadu,Bank Officer
Male,Yes,1,Graduate,Salaried,19809,0,7258326,240,1,Urban,49,Approved,727,237708,0.581,Home,11508,0,0,1,886576,No,Unknown,11088,MNC,PUNE-006,Yes,Yes,30.535,Positive,Telangana,Farmer
Female,Yes,3,Graduate,Salaried,74344,0,7588819,120,1,Urban,37,Approved,662,892128,0.072,Home,5330,1,0,0,1508418,Yes,Parent,35599,Public,CHN-007,No,Yes,8.506,Negative,Telangana,Software Engineer
Male,No,0,Graduate,Salaried,50670,56850,649884,24,1,Rural,24,Approved,602,1290240,0.0,Education,0,1,0,6,4190650,No,Parent,51057,Public,KOL-004,Yes,Yes,0.504,Positive,Uttar Pradesh,Chartered Accountant
Male,No,0,Graduate,Self-Employed,47514,0,1337874,60,0,Rural,18,Rejected,511,570168,0.59,Auto,28026,1,3,1,1682953,No,Unknown,30319,Public,BLR-003,No,Yes,2.346,Neutral,Gujarat,Civil Engineer
Male,Yes,3,Not Graduate,Unemployed,3566,1050,1598401,120,0,Rural,36,Rejected,576,55392,0.015,Business,67,0,3,1,412944,No,Friend,2000,Government,MUM-002,Yes,No,28.856,Negative,Tamil Nadu,Teacher
Male,Yes,1,Graduate,Salaried,19490,0,351517,48,1,Urban,33,Rejected,717,233880,1.516,Personal,29545,1,0,3,0,No,Unknown,2000,Private,CHN-007,Yes,No,1.503,Neutral,Karnataka,Small Business Owner
Male,No,0,Not Graduate,Unemployed,9930,0,4659254,300,1,Urban,43,Approved,653,119160,0.0,Home,0,2,0,5,350292,No,Spouse,7907,Government,PUNE-006,No,Yes,39.101,Positive,Maharashtra,Teacher
Male,Yes,0,Graduate,Salaried,30757,0,548011,48,0,Urban,22,Rejected,445,369084,0.0,Auto,0,1,2,1,887396,No,Unknown,14572,Public,HYD-005,No,Yes,1.485,Neutral,Delhi,Software Engineer
Male,Yes,0,Not Graduate,Unemployed,25533,0,4129756,360,1,Urban,18,Approved,701,306396,0.0,Home,0,0,0,2,1065853,No,Spouse,16477,Public,CHN-007,Yes,Yes,13.478,Neutral,Maharashtra,Driver
Male,Yes,0,Graduate,Salaried,60933,29603,2119794,300,0,Semiurban,38,Approved,528,1086432,0.224,Home,20236,3,0,9,2852271,Yes,Sibling,41234,Startup,PUNE-006,Yes,Yes,1.951,Positive,Kerala,Nurse
Female,No,2,Graduate,Self-Employed,3000,0,3743959,300,0,Semiurban,28,Rejected,534,36000,0.0,Home,0,1,0,0,0,No,Unknown,3000,Private,CHN-007,Yes,Yes,103.999,Negative,Kerala,Medical Representative
Male,No,3,Graduate,Self-Employed,43630,29027,596245,300,1,Semiurban,37,Approved,611,871884,0.465,Home,33784,1,0,3,2251325,No,Company,34770,Startup,KOL-004,Yes,Yes,0.684,Positive,Gujarat,Delivery Partner
Male,No,0,Graduate,Salaried,45453,0,6008888,300,0,Semiurban,27,Approved,565,545436,0.016,Home,710,3,0,0,2199872,No,Spouse,17396,Public,HYD-005,Yes,Yes,11.017,Negative,Maharashtra,Small Business Owner
Female,Yes,0,Graduate,Unemployed,9749,2495,172049,12,0,Semiurban,27,Rejected,534,146928,3.352,Medical,41039,0,0,6,17059,No,Company,12244,MNC,BLR-003,No,Yes,1.171,Neutral,Punjab,Driver
Male,Yes,2,Graduate,Salaried,41288,41188,50267,24,1,Semiurban,24,Approved,623,989712,0.372,Personal,30709,0,0,1,3711481,Yes,Spouse,36792,MNC,MUM-002,No,Yes,0.051,Negative,Uttar Pradesh,Bank Officer
Male,Yes,2,Graduate,Salaried,82795,0,847830,360,0,Urban,32,Approved,580,993540,0.0,Home,0,0,2,0,2890301,No,Company,41384,MNC,KOL-004,Yes,No,0.853,Positive,Karnataka,Farmer
Female,Yes,1,Not Graduate,Self-Employed,53395,0,318691,36,1,Urban,28,Approved,600,640740,0.428,Personal,22840,0,0,3,1513517,No,Spouse,24338,Private,KOL-004,Yes,Yes,0.497,Positive,Gujarat,Small Business Owner
Male,Yes,1,Graduate,Self-Employed,7171,0,9795942,240,1,Rural,39,Approved,670,86052,0.457,Home,3275,4,0,0,1167848,Yes,Unknown,3316,Startup,MUM-002,Yes,Yes,113.837,Neutral,Kerala,Farmer
Female,Yes,1,Not Graduate,Self-Employed,9252,0,3140496,120,0,Urban,39,Rejected,704,111024,2.707,Home,25046,3,1,1,0,No,Friend,4222,Startup,KOL-004,Yes,Yes,28.287,Neutral,Telangana,Marketing Executive
Male,Yes,3,Graduate,Self-Employed,38928,0,33933,48,1,Rural,24,Approved,653,467136,0.016,Personal,618,3,0,2,2423569,No,Unknown,12644,Private,MUM-002,Yes,Yes,0.073,Positive,Uttar Pradesh,Teacher
Male,Yes,1,Graduate,Retired,11129,0,220733,36,1,Rural,34,Approved,762,133548,0.475,Education,5288,2,0,2,250386,No,Sibling,2000,Private,BLR-003,Yes,No,1.653,Positive,Uttar Pradesh,Marketing Executive
Male,Yes,0,Graduate,Salaried,61964,0,2921221,300,1,Rural,18,Approved,631,743568,0.068,Home,4233,0,0,0,1359357,No,Spouse,28798,MNC,PUNE-006,Yes,Yes,3.929,Neutral,Maharashtra,Bank Officer
Male,Yes,2,Graduate,Salaried,17513,0,6353968,300,1,Urban,37,Approved,660,210156,0.0,Home,0,1,0,0,650145,No,Friend,2000,Private,DEL-001,Yes,Yes,30.235,Positive,Uttar Pradesh,Delivery Partner
Male,No,1,Graduate,Self-Employed,17098,7135,954449,60,1,Rural,30,Approved,608,290796,0.0,Auto,0,0,0,0,246371,No,Sibling,16170,Private,CHN-007,Yes,Yes,3.282,Neutral,Uttar Pradesh,Nurse
Female,No,0,Graduate,Salaried,65247,0,742204,48,1,Semiurban,40,Approved,708,782964,0.0,Auto,0,0,0,6,1895782,No,Parent,35893,Private,CHN-007,Yes,Yes,0.948,Neutral,Maharashtra,Shopkeeper
Female,Yes,3,Not Graduate,Salaried,49909,0,1000545,36,1,Urban,41,Approved,610,598908,0.598,Auto,29822,1,0,0,1201844,Yes,Spouse,20527,MNC,PUNE-006,Yes,Yes,1.671,Neutral,Telangana,Civil Engineer
Female,Yes,3,Not Graduate,Self-Employed,99430,54410,270590,24,0,Urban,47,Approved,599,1846080,0.132,Personal,20287,0,0,2,4797001,No,Spouse,68684,Startup,MUM-002,Yes,Yes,0.147,Negative,Kerala,Teacher
Male,Yes,0,Graduate,Self-Employed,60583,0,179965,12,1,Semiurban,39,Approved,747,726996,0.173,Renovation,10488,0,0,6,2402934,No,Sibling,33368,MNC,CHN-007,Yes,No,0.248,Negative,Maharashtra,Chartered Accountant
Female,Yes,1,Not Graduate,Salaried,31981,0,6141009,360,1,Urban,33,Rejected,705,383772,1.429,Home,45702,3,0,1,1279288,No,Parent,10590,Government,MUM-002,Yes,Yes,16.002,Neutral,Tamil Nadu,Driver
Male,No,1,Graduate,Salaried,27670,0,4662707,240,1,Urban,46,Rejected,620,332040,0.38,Home,10515,1,0,3,2528857,No,Parent,7831,Government,BLR-003,Yes,No,14.043,Positive,Maharashtra,Chartered Accountant
Female,Yes,1,Graduate,Self-Employed,42404,0,6987565,360,1,Urban,25,Rejected,640,508848,0.842,Home,35694,1,0,6,1772357,No,Company,20354,MNC,CHN-007,Yes,No,13.732,Negative,Maharashtra,Teacher
Male,Yes,0,Not Graduate,Salaried,51992,0,8043681,300,1,Rural,29,Approved,696,623904,0.629,Home,32686,1,0,3,1499310,No,Unknown,21978,Public,MUM-002,Yes,Yes,12.892,Negative,Delhi,Small Business Owner
Male,Yes,1,Not Graduate,Salaried,72699,0,1149509,240,0,Rural,29,Approved,598,872388,0.0,Business,0,3,0,3,2122789,No,Unknown,38266,Public,CHN-007,Yes,Yes,1.318,Negative,Karnataka,Marketing Executive
Male,No,2,Graduate,Salaried,9403,0,6933608,300,0,Semiurban,39,Rejected,700,112836,2.191,Home,20605,0,1,0,18313,Yes,Unknown,4339,MNC,BLR-003,Yes,Yes,61.449,Negative,West Bengal,Civil Engineer
Male,No,3,Graduate,Salaried,31774,12533,701014,240,0,Rural,37,Rejected,559,531684,0.0,Business,0,0,0,2,1911818,Yes,Unknown,19537,Private,HYD-005,Yes,No,1.318,Positive,Karnataka,Small Business Owner
Male,No,1,Graduate,Salaried,33233,0,133945,24,1,Semiurban,26,Approved,696,398796,1.76,Education,58478,0,0,2,545667,No,Spouse,15031,MNC,BLR-003,Yes,Yes,0.336,Negative,Telangana,Bank Officer
Male,No,2,Graduate,Retired,18099,16546,6750040,360,0,Rural,44,Approved,591,415740,0.244,Home,8457,0,0,1,1299757,No,Sibling,21936,Government,MUM-002,Yes,Yes,16.236,Positive,Uttar Pradesh,Shopkeeper
Male,No,0,Not Graduate,Salaried,107782,0,342613,36,1,Semiurban,34,Approved,739,1293384,0.084,Personal,9101,2,0,0,4517535,No,Spouse,50666,Public,CHN-007,Yes,Yes,0.265,Negative,Gujarat,Customer Support Executive
Male,No,2,Graduate,Salaried,80003,24369,530982,24,1,Semiurban,30,Approved,641,1252464,0.102,Education,10664,0,0,0,3804654,No,Parent,50708,MNC,DEL-001,Yes,No,0.424,Positive,Karnataka,Small Business Owner
Female,Yes,2,Graduate,Salaried,51570,0,1095468,240,1,Urban,29,Rejected,621,618840,0.667,Business,34401,1,0,1,1650468,No,Unknown,33758,MNC,MUM-002,No,Yes,1.77,Negative,Delhi,Nurse
Male,Yes,2,Graduate,Retired,3000,0,890459,240,1,Rural,41,Rejected,806,36000,4.991,Business,14973,1,0,0,0,No,Sibling,2000,Government,KOL-004,Yes,Yes,24.735,Positive,Kerala,Software Engineer
Female,Yes,0,Graduate,Salaried,83774,55253,454655,360,1,Semiurban,34,Approved,626,1668324,0.495,Home,68806,0,0,1,5298873,Yes,Friend,65915,Private,CHN-007,No,Yes,0.273,Positive,West Bengal,Marketing Executive
Female,No,1,Graduate,Self-Employed,33360,0,867548,120,0,Semiurban,34,Approved,627,400320,0.0,Business,0,1,3,1,1453491,Yes,Company,12398,Public,PUNE-006,Yes,Yes,2.167,Neutral,Telangana,Government Officer
Female,No,0,Graduate,Salaried,5723,0,796343,360,1,Semiurban,26,Rejected,800,68676,0.6,Business,3432,0,0,0,505817,No,Sibling,2000,Public,CHN-007,Yes,Yes,11.596,Neutral,West Bengal,Driver
Male,Yes,1,Graduate,Retired,26138,0,745409,36,1,Semiurban,31,Rejected,644,313656,1.363,Auto,35626,0,0,0,1467257,No,Spouse,13970,MNC,BLR-003,Yes,No,2.377,Neutral,Delhi,Nurse
Male,Yes,1,Not Graduate,Self-Employed,64480,68574,313800,24,1,Semiurban,18,Approved,705,1596648,0.0,Personal,0,0,0,10,5055090,No,Spouse,60313,Government,HYD-005,Yes,No,0.197,Positive,West Bengal,Medical Representative
Male,No,1,Graduate,Self-Employed,58443,62141,8421845,300,0,Rural,20,Rejected,584,1447008,0.172,Home,20769,0,0,9,4099625,Yes,Parent,48012,Startup,PUNE-006,Yes,Yes,5.82,Negative,Punjab,Electrician
Female,Yes,0,Not Graduate,Salaried,53961,0,2494590,360,1,Semiurban,48,Rejected,701,647532,0.813,Business,43897,1,0,0,2173210,Yes,Parent,21705,MNC,CHN-007,No,Yes,3.852,Negative,West Bengal,Customer Support Executive
Male,No,0,Graduate,Salaried,5000,0,9228303,300,1,Urban,44,Rejected,715,60000,3.077,Home,15384,0,0,2,0,No,Unknown,5000,MNC,CHN-007,Yes,Yes,153.805,Negative,Karnataka,Small Business Owner
Male,Yes,1,Graduate,Salaried,5631,0,152760,48,1,Rural,28,Rejected,710,67572,7.705,Medical,43385,0,0,1,0,Yes,Spouse,2000,MNC,DEL-001,Yes,Yes,2.261,Positive,West Bengal,Civil Engineer
Female,No,0,Graduate,Salaried,16623,7132,3014822,300,1,Semiurban,33,Rejected,612,285060,0.991,Home,23541,0,0,0,392837,No,Spouse,16821,Startup,KOL-004,Yes,Yes,10.576,Neutral,Delhi,Driver
Male,No,0,Graduate,Salaried,22266,0,10243165,300,0,Semiurban,22,Rejected,576,267192,0.0,Home,0,0,0,1,887965,No,Unknown,16564,Public,MUM-002,Yes,No,38.336,Neutral,Tamil Nadu,Marketing Executive
Male,Yes,0,Not Graduate,Salaried,39475,25106,636577,24,1,Rural,18,Approved,628,774972,0.0,Personal,0,2,0,0,2053001,Yes,Sibling,25227,MNC,CHN-007,Yes,Yes,0.821,Positive,Telangana,Teacher
Male,No,0,Not Graduate,Salaried,50729,0,11722952,180,0,Urban,27,Rejected,682,608748,0.0,Home,0,1,2,0,1672561,No,Sibling,19571,Government,KOL-004,Yes,No,19.257,Positive,Gujarat,Shopkeeper
Female,Yes,0,Not Graduate,Salaried,61018,0,1288244,60,1,Semiurban,39,Approved,687,732216,0.0,Business,0,0,0,3,2837074,No,Unknown,25026,Public,CHN-007,Yes,Yes,1.759,Negative,Maharashtra,Government Officer
Female,No,0,Graduate,Self-Employed,3000,0,9711138,120,1,Rural,49,Rejected,609,36000,0.0,Home,0,0,0,3,383053,No,Sibling,2000,Private,DEL-001,No,No,269.754,Positive,Delhi,Farmer
Female,No,0,Graduate,Self-Employed,48064,9021,170343,24,1,Rural,31,Approved,682,685020,0.326,Personal,18631,0,0,1,3056506,No,Parent,20742,Government,KOL-004,Yes,Yes,0.249,Positive,Punjab,Electrician
Female,No,1,Not Graduate,Self-Employed,40941,27221,301774,24,0,Semiurban,29,Rejected,577,817944,0.736,Personal,50145,0,0,3,2013528,No,Friend,34946,MNC,MUM-002,Yes,Yes,0.369,Negative,Karnataka,Teacher
Male,No,2,Not Graduate,Salaried,30644,0,6352787,360,1,Semiurban,35,Rejected,654,367728,0.689,Home,21117,1,0,3,911502,No,Unknown,13769,Government,MUM-002,Yes,Yes,17.276,Neutral,Delhi,Chartered Accountant
Male,Yes,1,Graduate,Self-Employed,38936,0,1695624,240,1,Semiurban,22,Approved,654,467232,0.251,Business,9766,1,0,5,748429,No,Spouse,13622,Public,KOL-004,Yes,No,3.629,Negative,Delhi,Small Business Owner
Other,Yes,0,Graduate,Self-Employed,61425,14769,290764,60,1,Urban,38,Approved,765,914328,0.06,Medical,4537,2,0,2,4224090,No,Unknown,38555,Startup,HYD-005,Yes,Yes,0.318,Negative,Punjab,Medical Representative
Female,Yes,0,Graduate,Unemployed,8740,11944,5582518,300,0,Rural,24,Rejected,565,248208,0.955,Home,19750,3,0,0,772607,No,Parent,10648,MNC,DEL-001,Yes,Yes,22.491,Negative,Uttar Pradesh,Government Officer
Female,Yes,0,Graduate,Salaried,21341,0,145433,24,1,Semiurban,40,Rejected,627,256092,1.093,Medical,23333,2,0,2,562012,No,Spouse,21341,Private,PUNE-006,Yes,Yes,0.568,Neutral,Kerala,Teacher
Female,No,0,Graduate,Unemployed,21753,0,547222,240,0,Semiurban,42,Rejected,477,261036,1.544,Business,33587,2,0,0,565725,No,Spouse,13709,Government,KOL-004,Yes,Yes,2.096,Neutral,West Bengal,IT Consultant
Female,Yes,3,Graduate,Salaried,101269,16741,555793,48,0,Semiurban,39,Approved,586,1416120,0.258,Auto,30476,0,0,15,4915456,No,Unknown,56659,Government,KOL-004,Yes,Yes,0.392,Neutral,Karnataka,Farmer
Male,No,3,Graduate,Salaried,10534,0,492774,60,0,Semiurban,55,Rejected,599,126408,0.0,Renovation,0,2,0,1,670237,Yes,Spouse,2954,MNC,BLR-003,Yes,Yes,3.898,Negative,Telangana,Factory Worker
Male,Yes,1,Graduate,Salaried,37382,0,922024,360,0,Urban,43,Approved,521,448584,0.0,Home,0,1,1,2,1185579,Yes,Spouse,5747,Public,PUNE-006,Yes,No,2.055,Negative,Kerala,Civil Engineer
Male,No,2,Not Graduate,Self-Employed,9241,0,768491,60,0,Rural,26,Rejected,496,110892,4.088,Auto,37778,1,0,0,671828,No,Friend,5859,Public,HYD-005,Yes,Yes,6.93,Negative,West Bengal,Marketing Executive
Male,Yes,0,Graduate,Salaried,48594,27528,677857,24,1,Rural,50,Approved,684,913464,0.0,Education,0,2,0,3,2820673,Yes,Friend,37073,MNC,MUM-002,Yes,No,0.742,Neutral,Kerala,Shopkeeper
Male,Yes,0,Not Graduate,Retired,45309,8806,2593523,240,1,Semiurban,36,Approved,781,649380,0.029,Home,1596,2,0,5,1578393,No,Parent,28653,Public,CHN-007,Yes,Yes,3.994,Neutral,Punjab,IT Consultant
Male,No,2,Graduate,Salaried,43673,0,205068,240,1,Urban,35,Approved,763,524076,1.012,Business,44177,1,0,1,633708,No,Unknown,15884,Startup,DEL-001,Yes,Yes,0.391,Positive,West Bengal,IT Consultant
Male,No,0,Graduate,Salaried,64803,0,636331,180,1,Urban,24,Approved,647,777636,0.0,Business,0,0,0,0,2475343,Yes,Sibling,37681,Private,BLR-003,Yes,Yes,0.818,Neutral,Kerala,Driver
Male,Yes,0,Graduate,Salaried,46825,56408,27857,36,1,Semiurban,26,Approved,734,1238796,0.314,Personal,32381,1,0,2,3852602,Yes,Friend,59252,Startup,CHN-007,Yes,No,0.022,Positive,Karnataka,Electrician
Male,Yes,1,Graduate,Salaried,40674,19359,6889379,240,1,Urban,29,Rejected,672,720396,0.415,Home,24911,2,0,3,1860502,No,Spouse,19316,Startup,HYD-005,Yes,Yes,9.563,Positive,Kerala,Teacher
Female,No,2,Graduate,Salaried,79441,0,6441500,360,1,Rural,40,Rejected,653,953292,0.305,Home,24206,0,0,1,3333786,No,Spouse,31925,Government,KOL-004,No,Yes,6.757,Neutral,Karnataka,Medical Representative
Female,Yes,2,Graduate,Salaried,53967,23830,418667,48,1,Urban,18,Approved,601,933564,0.26,Personal,20237,1,0,10,2661294,No,Spouse,38307,Private,HYD-005,Yes,Yes,0.448,Negative,Punjab,IT Consultant
Male,Yes,0,Graduate,Salaried,28387,20136,304419,12,1,Urban,36,Approved,629,582276,0.0,Personal,0,0,0,1,1631403,No,Company,23034,MNC,DEL-001,Yes,No,0.523,Negative,Delhi,Driver
Male,No,2,Graduate,Self-Employed,8582,0,7372279,120,1,Urban,44,Approved,628,102984,0.0,Home,0,2,0,3,1041052,No,Unknown,8582,MNC,DEL-001,Yes,Yes,71.587,Negative,Telangana,Delivery Partner
Female,Yes,1,Graduate,Retired,14562,0,86823,12,1,Rural,29,Approved,742,174744,1.397,Personal,20340,1,0,4,382924,No,Spouse,5856,Government,HYD-005,Yes,Yes,0.497,Negative,Kerala,Small Business Owner
Male,Yes,0,Not Graduate,Retired,58378,0,3465702,360,1,Semiurban,25,Rejected,624,700536,0.958,Home,55898,0,0,5,1523905,No,Spouse,23682,Public,KOL-004,Yes,Yes,4.947,Negative,Delhi,Medical Representative
Male,Yes,0,Graduate,Salaried,80035,5801,309132,36,0,Semiurban,40,Approved,599,1030032,0.081,Education,6931,0,0,12,2991017,Yes,Unknown,38086,Public,KOL-004,No,Yes,0.3,Neutral,Uttar Pradesh,Delivery Partner
Female,Yes,1,Graduate,Salaried,34129,23166,200481,48,1,Rural,46,Approved,603,687540,0.627,Personal,35932,0,0,1,2786031,No,Sibling,27002,Public,MUM-002,Yes,Yes,0.292,Positive,West Bengal,Driver
Male,Yes,0,Not Graduate,Retired,33618,19475,627238,240,1,Urban,36,Approved,667,637116,0.219,Business,11637,2,0,5,1672330,No,Spouse,24756,Government,DEL-001,Yes,Yes,0.984,Neutral,Telangana,Bank Officer
Male,No,1,Not Graduate,Salaried,46855,0,4409203,360,1,Urban,29,Approved,605,562260,0.0,Home,0,0,0,4,2250268,No,Parent,17789,Government,CHN-007,Yes,Yes,7.842,Neutral,Kerala,Small Business Owner
Female,Yes,1,Not Graduate,Salaried,57521,0,1033358,180,1,Urban,34,Approved,735,690252,0.475,Business,27301,1,0,1,3029417,No,Unknown,23835,MNC,PUNE-006,Yes,Yes,1.497,Negative,Punjab,Driver
Male,Yes,3,Graduate,Salaried,101807,0,580746,60,0,Urban,40,Approved,612,1221684,0.422,Education,42931,0,2,3,4258577,No,Spouse,34528,Startup,HYD-005,Yes,Yes,0.475,Neutral,Uttar Pradesh,Teacher
Female,Yes,1,Graduate,Self-Employed,3000,0,1208385,360,1,Semiurban,34,Rejected,653,36000,6.745,Home,20236,1,0,6,699447,No,Unknown,2000,Startup,DEL-001,No,No,33.566,Negative,Karnataka,Customer Support Executive
Male,No,2,Graduate,Unemployed,8902,2227,1358253,180,1,Urban,41,Approved,682,133548,0.446,Business,4964,1,0,0,364534,No,Parent,2000,Private,PUNE-006,Yes,No,10.171,Positive,Kerala,Nurse
Male,Yes,0,Graduate,Self-Employed,29695,15293,5751290,300,0,Semiurban,33,Rejected,422,539856,0.305,Home,13712,0,0,2,2205916,No,Spouse,17864,Private,MUM-002,Yes,Yes,10.653,Neutral,Telangana,Delivery Partner
Male,No,0,Graduate,Salaried,79450,0,903670,120,1,Urban,35,Approved,608,953400,0.422,Business,33509,0,0,2,2532912,Yes,Parent,36561,Government,HYD-005,Yes,Yes,0.948,Positive,Karnataka,IT Consultant
Male,No,0,Graduate,Salaried,85676,0,1500755,180,0,Rural,32,Rejected,591,1028112,0.104,Business,8928,2,0,5,3351659,No,Friend,43868,Government,PUNE-006,Yes,No,1.46,Positive,Telangana,Small Business Owner
Female,No,3,Graduate,Salaried,23223,0,10403152,240,1,Rural,42,Rejected,612,278676,1.004,Home,23321,2,0,3,473301,Yes,Parent,11038,Public,DEL-001,Yes,No,37.331,Positive,Delhi,Teacher
Male,Yes,0,Not Graduate,Self-Employed,65529,0,8701361,240,1,Rural,19,Approved,615,786348,0.356,Home,23361,0,0,3,3066759,No,Unknown,33757,Private,CHN-007,Yes,Yes,11.066,Positive,Telangana,Shopkeeper
Male,Yes,0,Graduate,Self-Employed,34792,0,85849,24,1,Rural,38,Approved,733,417504,0.986,Medical,34321,1,0,5,529812,No,Friend,23457,MNC,MUM-002,Yes,Yes,0.206,Positive,Kerala,Teacher
Female,Yes,0,Graduate,Salaried,5000,0,1043137,180,1,Semiurban,50,Rejected,605,60000,4.562,Business,22809,0,0,1,0,No,Company,2849,Public,MUM-002,Yes,Yes,17.386,Negative,Telangana,Electrician
Male,Yes,0,Graduate,Salaried,67110,0,2160131,360,0,Semiurban,45,Rejected,630,805320,0.364,Business,24460,0,1,1,1889390,No,Friend,30595,Private,PUNE-006,No,No,2.682,Negative,Kerala,Software Engineer
Male,No,0,Not Graduate,Self-Employed,34849,0,357854,12,1,Urban,46,Approved,686,418188,0.525,Medical,18305,0,0,1,1533156,No,Parent,11889,Startup,HYD-005,Yes,Yes,0.856,Positive,Tamil Nadu,IT Consultant
Female,Yes,2,Graduate,Salaried,60489,0,4623005,180,0,Urban,37,Approved,576,725868,0.0,Home,0,1,0,4,2776218,Yes,Spouse,28625,MNC,DEL-001,Yes,Yes,6.369,Negative,Punjab,Delivery Partner
Male,No,1,Graduate,Unemployed,13958,0,1277509,72,1,Urban,30,Approved,688,167496,0.0,Auto,0,0,0,0,171744,No,Parent,8086,Startup,MUM-002,Yes,Yes,7.627,Positive,Delhi,Software Engineer
Male,Yes,0,Not Graduate,Self-Employed,3000,0,2658565,240,1,Rural,26,Rejected,706,36000,9.643,Business,28929,1,0,0,360077,No,Spouse,3000,Private,BLR-003,Yes,No,73.849,Neutral,Karnataka,Electrician
Male,Yes,2,Graduate,Salaried,59902,10247,4743237,240,0,Semiurban,43,Rejected,595,841788,0.0,Home,0,1,0,0,2685112,No,Parent,36188,Government,HYD-005,Yes,Yes,5.635,Negative,Gujarat,Customer Support Executive
Male,Yes,0,Graduate,Salaried,54248,0,7766520,300,1,Rural,35,Approved,717,650976,0.229,Home,12404,2,0,2,2100934,No,Unknown,28890,Private,HYD-005,Yes,No,11.931,Neutral,Karnataka,Small Business Owner
Female,No,1,Graduate,Unemployed,12797,0,654339,60,0,Semiurban,33,Approved,508,153564,0.0,Education,0,1,2,0,0,No,Spouse,3152,Private,MUM-002,Yes,Yes,4.261,Positive,Tamil Nadu,Civil Engineer
Male,No,1,Graduate,Salaried,28185,0,177200,36,1,Semiurban,33,Approved,611,338220,1.011,Education,28508,1,0,0,1279114,Yes,Parent,9338,Private,MUM-002,Yes,Yes,0.524,Negative,West Bengal,Driver
Male,Yes,1,Graduate,Salaried,49052,45539,405513,36,1,Urban,34,Approved,755,1135092,0.286,Personal,27080,0,0,2,3913073,No,Unknown,43596,Public,KOL-004,Yes,Yes,0.357,Negative,Punjab,Delivery Partner
Male,No,1,Graduate,Self-Employed,66393,0,1341680,120,1,Semiurban,22,Approved,729,796716,0.466,Business,30931,1,0,3,2795296,No,Friend,29938,Government,PUNE-006,Yes,Yes,1.684,Positive,Punjab,Civil Engineer
Male,Yes,1,Graduate,Unemployed,6680,5184,2278065,180,0,Rural,36,Rejected,512,142368,0.452,Business,5365,0,1,0,544079,No,Spouse,2275,Government,KOL-004,Yes,Yes,16.001,Negative,Maharashtra,Bank Officer
Male,Yes,1,Graduate,Retired,28608,7325,4876962,360,1,Semiurban,47,Approved,721,431196,0.747,Home,26842,3,0,2,1251748,No,Spouse,16448,Startup,HYD-005,Yes,Yes,11.31,Positive,Uttar Pradesh,Bank Officer
Male,Yes,0,Graduate,Salaried,82610,55939,478918,24,1,Urban,41,Approved,710,1662588,0.0,Medical,0,1,0,8,5371598,No,Parent,62840,Startup,KOL-004,Yes,Yes,0.288,Negative,Uttar Pradesh,Bank Officer
Male,Yes,0,Graduate,Salaried,37316,25282,398719,24,1,Semiurban,34,Approved,685,751176,0.572,Education,35800,1,0,0,1773602,Yes,Parent,27044,Government,DEL-001,Yes,Yes,0.531,Negative,Punjab,Bank Officer
Male,No,0,Not Graduate,Unemployed,12599,0,5460645,360,1,Rural,37,Rejected,626,151188,1.52,Home,19150,0,0,1,213384,No,Friend,2000,Startup,KOL-004,Yes,Yes,36.118,Negative,Telangana,Marketing Executive
Male,No,0,Graduate,Salaried,80026,0,3991560,360,1,Urban,18,Approved,783,960312,0.188,Home,15023,0,0,4,3146574,No,Company,40831,Private,DEL-001,Yes,Yes,4.157,Negative,Tamil Nadu,IT Consultant
Male,No,1,Graduate,Self-Employed,28471,28115,124503,36,1,Urban,30,Approved,682,679032,0.263,Renovation,14887,2,0,1,1877011,No,Parent,22762,Government,CHN-007,Yes,Yes,0.183,Positive,Kerala,Nurse
Male,No,2,Graduate,Salaried,55208,47968,465502,24,1,Rural,37,Approved,648,1238112,0.0,Medical,0,0,0,0,3893704,No,Parent,55331,Public,KOL-004,No,Yes,0.376,Negative,Tamil Nadu,Shopkeeper
Female,No,1,Graduate,Self-Employed,85359,0,6423149,240,1,Urban,38,Approved,772,1024308,0.0,Home,0,0,0,9,2868587,Yes,Friend,35226,MNC,CHN-007,Yes,Yes,6.271,Neutral,Tamil Nadu,Medical Representative
Male,No,1,Graduate,Salaried,74998,0,3835914,300,0,Urban,36,Rejected,624,899976,0.588,Home,44064,3,2,6,3248637,No,Unknown,31843,Private,PUNE-006,Yes,Yes,4.262,Negative,West Bengal,Factory Worker
Male,No,0,Graduate,Salaried,102829,100725,3862262,240,1,Urban,25,Approved,602,2442648,0.049,Home,9937,1,0,7,7708615,No,Sibling,97762,Startup,PUNE-006,Yes,Yes,1.581,Negative,Kerala,IT Consultant
Male,Yes,0,Not Graduate,Salaried,5000,0,472284,48,0,Semiurban,27,Rejected,579,60000,3.342,Personal,16709,0,2,1,179023,No,Spouse,2000,Private,BLR-003,Yes,Yes,7.871,Positive,Punjab,Chartered Accountant
Male,No,1,Graduate,Salaried,90499,0,871771,36,1,Semiurban,32,Approved,667,1085988,0.45,Auto,40715,0,0,9,3339213,No,Spouse,40868,MNC,CHN-007,Yes,Yes,0.803,Negative,Karnataka,Driver
Male,Yes,2,Graduate,Salaried,99242,6607,6583958,300,1,Urban,29,Rejected,604,1270188,0.165,Home,17510,0,0,2,3461575,No,Unknown,50415,Public,KOL-004,Yes,No,5.183,Positive,Telangana,Chartered Accountant
Male,Yes,2,Not Graduate,Self-Employed,3000,0,407217,360,1,Rural,38,Rejected,647,36000,4.373,Home,13119,1,0,3,0,No,Spouse,2000,Startup,MUM-002,Yes,No,11.312,Neutral,Maharashtra,Delivery Partner
Female,No,2,Not Graduate,Self-Employed,3000,0,5733567,300,1,Semiurban,35,Approved,633,36000,0.496,Home,1487,1,0,1,0,Yes,Parent,2000,MNC,HYD-005,Yes,Yes,159.266,Positive,Kerala,Medical Representative
Female,No,3,Not Graduate,Salaried,22701,14427,1880936,360,1,Urban,22,Approved,665,445536,0.66,Business,24519,0,0,8,1330197,No,Spouse,12932,Private,CHN-007,Yes,Yes,4.222,Negative,Punjab,Civil Engineer
Male,No,0,Graduate,Salaried,53357,0,320658,48,1,Rural,20,Approved,667,640284,0.185,Personal,9863,0,0,2,1967622,No,Friend,23098,Startup,MUM-002,Yes,No,0.501,Positive,Maharashtra,Customer Support Executive
Female,Yes,0,Graduate,Salaried,9931,0,2467724,240,1,Semiurban,18,Approved,672,119172,0.0,Business,0,1,0,0,0,No,Unknown,9931,Private,KOL-004,Yes,Yes,20.707,Neutral,Uttar Pradesh,Bank Officer
Male,No,3,Graduate,Salaried,62873,0,259852,24,1,Rural,31,Approved,742,754476,0.0,Personal,0,0,0,1,1855988,Yes,Friend,24773,MNC,BLR-003,Yes,No,0.344,Negative,Uttar Pradesh,Small Business Owner
Male,No,2,Graduate,Salaried,48262,0,546191,36,1,Semiurban,36,Approved,775,579144,0.578,Auto,27903,1,0,0,1677296,No,Unknown,17115,Government,BLR-003,No,Yes,0.943,Negative,Kerala,Small Business Owner
Male,Yes,2,Graduate,Self-Employed,53971,52582,275296,36,1,Semiurban,32,Approved,658,1278636,0.241,Personal,25701,2,0,3,3270592,No,Sibling,55490,Government,MUM-002,Yes,Yes,0.215,Negative,Punjab,Government Officer
Female,Yes,2,Graduate,Salaried,68419,0,1008160,60,1,Urban,35,Approved,696,821028,0.031,Auto,2145,0,0,1,2515921,No,Company,30760,Government,BLR-003,Yes,No,1.228,Positive,Uttar Pradesh,Nurse
Female,Yes,1,Graduate,Salaried,102809,59850,1334421,120,1,Urban,34,Approved,724,1951908,0.0,Business,0,3,0,4,5561134,No,Friend,68798,MNC,CHN-007,Yes,Yes,0.684,Neutral,Telangana,Software Engineer
Male,Yes,0,Graduate,Salaried,50441,31805,494945,36,1,Semiurban,30,Approved,743,986952,0.255,Personal,20976,0,0,1,2425728,No,Friend,40985,Government,BLR-003,Yes,Yes,0.501,Negative,Tamil Nadu,Chartered Accountant
Male,No,1,Graduate,Salaried,77614,83175,1299462,36,0,Urban,31,Approved,580,1929468,0.312,Auto,50115,1,1,5,6135576,No,Spouse,65216,Public,PUNE-006,Yes,Yes,0.673,Negative,Delhi,Marketing Executive
Male,Yes,2,Graduate,Self-Employed,78409,0,9903107,300,1,Rural,56,Rejected,661,940908,0.418,Home,32780,0,0,1,3004273,No,Friend,36589,Startup,MUM-002,Yes,No,10.525,Positive,Tamil Nadu,Software Engineer
Male,Yes,1,Graduate,Self-Employed,8321,0,190224,360,1,Urban,18,Approved,604,99852,0.535,Home,4453,1,0,0,0,No,Sibling,2000,Startup,DEL-001,Yes,Yes,1.905,Negative,Kerala,Software Engineer
Female,Yes,0,Graduate,Self-Employed,3000,1028,692188,48,1,Urban,28,Approved,646,48336,0.0,Auto,0,0,0,1,0,No,Parent,2000,Public,HYD-005,Yes,No,14.32,Positive,Telangana,Government Officer
Female,Yes,0,Graduate,Salaried,5000,0,669144,120,0,Urban,38,Rejected,587,60000,6.113,Home,30566,1,0,2,311470,No,Spouse,5000,Government,HYD-005,Yes,No,11.152,Neutral,Telangana,Medical Representative
Female,Yes,0,Graduate,Salaried,52598,57760,342569,24,1,Urban,41,Approved,609,1324296,0.052,Renovation,5752,0,0,3,3318079,Yes,Sibling,51232,Startup,PUNE-006,Yes,Yes,0.259,Negative,West Bengal,Small Business Owner
Male,No,2,Not Graduate,Unemployed,1911,0,77848,180,1,Urban,31,Rejected,640,22932,23.392,Business,44703,0,0,1,378355,No,Unknown,1911,Public,CHN-007,Yes,Yes,3.395,Neutral,Kerala,Teacher
Female,No,2,Not Graduate,Unemployed,5209,1393,1342198,48,1,Semiurban,42,Rejected,712,79224,6.777,Auto,44745,0,0,0,0,No,Parent,2000,Public,HYD-005,Yes,No,16.942,Neutral,Telangana,Bank Officer
Male,No,0,Graduate,Unemployed,15160,7051,1618620,360,0,Urban,30,Rejected,578,266532,0.684,Business,15201,0,0,1,1019537,No,Unknown,6730,Public,CHN-007,Yes,Yes,6.073,Positive,Maharashtra,IT Consultant
Female,Yes,0,Not Graduate,Salaried,25628,2827,256920,60,0,Semiurban,30,Approved,569,341460,0.626,Auto,17805,1,1,8,1478185,Yes,Company,8683,Public,PUNE-006,Yes,Yes,0.752,Neutral,Telangana,Chartered Accountant
Male,No,0,Graduate,Salaried,77996,0,548070,24,1,Urban,37,Approved,756,935952,0.003,Education,245,1,0,2,3019607,No,Unknown,32503,Startup,HYD-005,No,Yes,0.586,Negative,Kerala,Nurse
Female,Yes,0,Not Graduate,Self-Employed,30000,0,58772,12,1,Semiurban,35,Approved,622,360000,0.024,Medical,727,1,0,4,994131,No,Spouse,18078,Startup,DEL-001,Yes,Yes,0.163,Neutral,Gujarat,Bank Officer
Female,No,0,Graduate,Salaried,60282,0,664206,24,1,Urban,35,Approved,703,723384,0.472,Education,28468,1,0,6,1869981,No,Spouse,28257,Private,MUM-002,Yes,Yes,0.918,Neutral,Tamil Nadu,Civil Engineer
Male,Yes,0,Not Graduate,Salaried,31182,37120,23769,360,1,Semiurban,29,Approved,714,819624,0.35,Business,23897,0,0,1,2958922,Yes,Unknown,25781,Private,BLR-003,No,Yes,0.029,Negative,Gujarat,Medical Representative
Other,No,1,Not Graduate,Unemployed,12969,3095,8786829,300,1,Semiurban,24,Approved,708,192768,0.0,Home,0,0,0,0,747121,No,Friend,10572,Private,PUNE-006,Yes,No,45.582,Neutral,Uttar Pradesh,Marketing Executive
Male,Yes,0,Graduate,Salaried,96967,0,1496024,180,0,Urban,38,Rejected,761,1163604,0.381,Business,36988,1,1,0,2935892,No,Spouse,38616,Private,CHN-007,Yes,Yes,1.286,Negative,West Bengal,Farmer
Male,Yes,2,Not Graduate,Salaried,35588,0,528407,36,1,Semiurban,37,Approved,721,427056,0.0,Medical,0,4,0,2,1267442,No,Unknown,20833,Private,DEL-001,Yes,Yes,1.237,Negative,Kerala,IT Consultant
Female,Yes,1,Not Graduate,Salaried,16131,14521,18931,24,0,Semiurban,25,Approved,556,367824,0.904,Personal,27698,2,0,1,699833,No,Sibling,12066,Government,MUM-002,Yes,Yes,0.051,Positive,West Bengal,Shopkeeper
Male,Yes,2,Graduate,Unemployed,10540,0,1718056,60,1,Rural,54,Rejected,680,126480,4.668,Business,49197,1,0,0,646655,No,Unknown,10540,Startup,BLR-003,Yes,Yes,13.584,Negative,Delhi,Small Business Owner
Female,Yes,0,Graduate,Salaried,31813,0,55917,48,1,Rural,43,Rejected,634,381756,1.376,Personal,43764,1,0,2,1401019,No,Spouse,19669,Government,DEL-001,No,Yes,0.146,Negative,Kerala,Civil Engineer
Male,No,2,Graduate,Unemployed,3902,0,6593067,300,0,Urban,25,Rejected,577,46824,0.0,Home,0,0,0,0,182729,No,Parent,3902,Private,KOL-004,Yes,Yes,140.805,Negative,Kerala,Customer Support Executive
Male,No,2,Graduate,Unemployed,15174,0,5909746,300,1,Urban,42,Rejected,640,182088,0.829,Home,12575,2,0,0,1110450,No,Parent,14960,Public,DEL-001,Yes,Yes,32.455,Positive,West Bengal,Factory Worker
Male,No,2,Not Graduate,Salaried,70996,0,6457503,300,1,Rural,29,Approved,732,851952,0.0,Home,0,1,0,0,1905389,No,Company,25741,Private,KOL-004,Yes,Yes,7.58,Negative,Tamil Nadu,Driver
Male,Yes,2,Graduate,Salaried,50871,0,331287,48,0,Semiurban,31,Approved,591,610452,0.0,Personal,0,0,0,2,1169069,No,Unknown,25457,MNC,BLR-003,Yes,Yes,0.543,Neutral,Telangana,Teacher
Female,Yes,0,Graduate,Unemployed,17622,0,59800,24,1,Semiurban,24,Rejected,743,211464,1.135,Personal,20008,0,0,0,556428,No,Unknown,2582,Government,KOL-004,Yes,Yes,0.283,Neutral,Telangana,Factory Worker
Male,Yes,0,Graduate,Salaried,105075,0,336162,300,1,Rural,38,Approved,652,1260900,0.0,Home,0,0,0,0,4268435,No,Friend,49380,Government,PUNE-006,Yes,Yes,0.267,Negative,Karnataka,Civil Engineer
Male,No,1,Not Graduate,Salaried,42713,0,199429,360,1,Rural,41,Approved,709,512556,0.0,Business,0,2,0,2,2291451,No,Spouse,17607,Startup,PUNE-006,Yes,Yes,0.389,Neutral,Kerala,Marketing Executive
Male,Yes,0,Graduate,Salaried,45583,0,2296935,240,1,Rural,42,Approved,717,546996,0.0,Business,0,1,0,0,1181478,No,Spouse,15609,Private,DEL-001,Yes,Yes,4.199,Negative,Karnataka,IT Consultant
Female,No,1,Graduate,Salaried,50430,0,519460,12,1,Rural,32,Approved,694,605160,0.0,Personal,0,0,0,1,1663447,Yes,Parent,21705,Startup,MUM-002,Yes,Yes,0.858,Neutral,West Bengal,Delivery Partner
Male,Yes,2,Graduate,Unemployed,18017,10373,7354427,240,1,Semiurban,41,Rejected,763,340680,1.016,Home,28857,1,0,4,1357399,No,Spouse,4951,Public,DEL-001,Yes,Yes,21.587,Negative,Tamil Nadu,Delivery Partner
Female,Yes,0,Graduate,Salaried,78566,0,9887624,360,1,Semiurban,26,Approved,701,942792,0.19,Home,14930,0,0,0,3159985,No,Unknown,38116,Private,PUNE-006,Yes,Yes,10.488,Neutral,Gujarat,Teacher
Male,Yes,1,Graduate,Self-Employed,3000,0,1676734,120,1,Semiurban,30,Rejected,714,36000,8.168,Home,24505,2,0,1,677339,Yes,Friend,3000,Government,KOL-004,Yes,Yes,46.576,Neutral,Tamil Nadu,Shopkeeper
Male,Yes,1,Graduate,Unemployed,0,0,3502974,300,1,Urban,43,Rejected,608,0,17822.0,Home,17822,1,0,0,0,No,Unknown,0,MNC,BLR-003,Yes,Yes,100.0,Positive,Maharashtra,Factory Worker
Male,Yes,2,Graduate,Self-Employed,35655,19293,683574,60,1,Semiurban,40,Approved,622,659376,0.0,Education,0,1,0,7,2760108,Yes,Spouse,20575,MNC,HYD-005,Yes,No,1.037,Negative,Punjab,Factory Worker
Male,Yes,1,Not Graduate,Self-Employed,3000,0,474974,36,1,Semiurban,30,Rejected,646,36000,8.125,Personal,24375,0,0,6,210592,No,Spouse,3000,MNC,CHN-007,Yes,Yes,13.194,Positive,Delhi,Government Officer
Male,No,2,Not Graduate,Salaried,71637,0,7474756,180,1,Urban,27,Approved,642,859644,0.134,Home,9606,2,0,3,2055889,No,Friend,34573,Private,MUM-002,Yes,Yes,8.695,Positive,Tamil Nadu,Small Business Owner
Male,Yes,0,Graduate,Salaried,29975,20075,8784496,360,1,Urban,43,Approved,760,600600,0.0,Home,0,0,0,11,2244813,No,Parent,23993,MNC,HYD-005,Yes,Yes,14.626,Negative,Kerala,Government Officer
Male,Yes,3,Graduate,Salaried,51809,0,363749,48,0,Rural,18,Rejected,542,621708,1.119,Auto,57991,1,0,8,2068198,Yes,Company,25536,Public,PUNE-006,Yes,Yes,0.585,Positive,Gujarat,Marketing Executive
Female,No,1,Graduate,Salaried,58515,43835,260024,36,1,Semiurban,46,Approved,712,1228200,0.0,Auto,0,0,0,1,3479634,No,Parent,46865,Startup,MUM-002,Yes,Yes,0.212,Positive,Karnataka,Bank Officer
Female,No,0,Graduate,Self-Employed,68154,70449,528736,60,0,Semiurban,40,Approved,555,1663236,0.206,Auto,28543,0,0,3,5473422,No,Spouse,63662,MNC,MUM-002,Yes,Yes,0.318,Neutral,Gujarat,Shopkeeper
Male,Yes,3,Graduate,Salaried,44822,0,8980982,300,1,Urban,20,Approved,603,537864,0.522,Home,23386,1,0,0,1630976,No,Parent,25762,Public,HYD-005,Yes,Yes,16.697,Negative,Tamil Nadu,Medical Representative
Male,Yes,0,Not Graduate,Salaried,77674,35048,438177,60,0,Semiurban,18,Approved,560,1352664,0.164,Renovation,18519,0,0,2,3956050,No,Sibling,54304,Private,KOL-004,Yes,Yes,0.324,Negative,Tamil Nadu,Delivery Partner
Male,Yes,2,Graduate,Self-Employed,3000,0,3322443,180,1,Urban,43,Approved,601,36000,0.0,Home,0,2,0,0,986801,No,Sibling,2000,Startup,PUNE-006,Yes,Yes,92.29,Positive,Delhi,Farmer
Male,No,0,Graduate,Salaried,43256,0,1752876,360,1,Rural,25,Approved,793,519072,0.0,Business,0,0,0,14,2769922,No,Company,19069,Government,KOL-004,Yes,No,3.377,Positive,Telangana,Driver
Male,Yes,1,Graduate,Self-Employed,67156,0,317643,48,1,Semiurban,26,Approved,673,805872,0.851,Medical,57133,2,0,4,2427232,No,Parent,26741,Private,MUM-002,No,Yes,0.394,Negative,Tamil Nadu,Medical Representative
Female,No,3,Graduate,Salaried,48029,0,831942,72,0,Urban,26,Rejected,593,576348,0.833,Auto,39997,1,0,10,1189718,No,Parent,25779,Startup,PUNE-006,Yes,No,1.443,Neutral,Kerala,Civil Engineer
Male,Yes,0,Graduate,Salaried,28009,0,511424,36,1,Urban,27,Approved,635,336108,0.0,Education,0,1,0,1,540404,No,Unknown,19886,Startup,KOL-004,Yes,Yes,1.522,Positive,Gujarat,Small Business Owner
Male,Yes,1,Not Graduate,Salaried,69574,69036,85093,48,1,Rural,40,Approved,643,1663320,0.082,Personal,11354,3,0,5,4591953,Yes,Parent,65480,Startup,MUM-002,Yes,Yes,0.051,Negative,Gujarat,Customer Support Executive
Male,No,0,Not Graduate,Salaried,27230,0,1088380,60,0,Rural,38,Rejected,591,326760,0.767,Business,20896,2,0,10,603400,Yes,Unknown,7946,Startup,KOL-004,Yes,Yes,3.331,Neutral,Telangana,Delivery Partner
Male,Yes,0,Graduate,Salaried,47834,19044,335637,60,1,Rural,41,Approved,729,802536,0.026,Personal,1746,1,0,15,2357659,No,Friend,35520,Public,HYD-005,Yes,Yes,0.418,Negative,Telangana,Bank Officer
Male,No,1,Graduate,Salaried,69593,0,6160309,300,1,Rural,42,Approved,620,835116,0.0,Home,0,0,0,0,2608789,Yes,Parent,28146,Private,CHN-007,Yes,Yes,7.377,Positive,Uttar Pradesh,Chartered Accountant
Male,No,0,Not Graduate,Unemployed,7721,0,1216412,120,1,Urban,38,Rejected,674,92652,2.149,Business,16595,0,0,2,1224682,No,Parent,7721,Startup,CHN-007,No,Yes,13.129,Neutral,Telangana,Nurse
Male,No,1,Graduate,Salaried,54934,72702,185668,300,1,Semiurban,35,Approved,752,1531632,0.0,Home,0,0,0,1,4776456,No,Spouse,59835,Startup,HYD-005,No,Yes,0.121,Negative,Tamil Nadu,Factory Worker
Female,No,1,Not Graduate,Salaried,45273,0,466701,48,0,Urban,35,Rejected,623,543276,0.313,Education,14152,1,2,7,2361471,Yes,Spouse,17087,Government,MUM-002,Yes,Yes,0.859,Negative,Tamil Nadu,Software Engineer
Male,Yes,1,Not Graduate,Salaried,48104,0,1109879,360,1,Semiurban,37,Approved,677,577248,0.0,Business,0,4,0,5,1162892,No,Sibling,25713,MNC,DEL-001,Yes,Yes,1.923,Positive,Tamil Nadu,Nurse
Female,Yes,1,Graduate,Salaried,39561,0,1300406,360,0,Semiurban,57,Rejected,565,474732,1.143,Business,45217,1,0,6,1350893,No,Friend,19810,Public,CHN-007,No,Yes,2.739,Positive,Delhi,Driver
Female,Yes,0,Not Graduate,Unemployed,20614,5458,1536279,240,1,Urban,29,Rejected,776,312864,0.926,Business,24152,0,0,0,1460088,No,Friend,8645,Public,BLR-003,Yes,Yes,4.91,Negative,Gujarat,IT Consultant
Female,No,0,Not Graduate,Salaried,22619,2140,6815912,240,1,Rural,32,Rejected,606,297108,2.677,Home,66269,2,0,4,694924,Yes,Spouse,11738,Private,PUNE-006,Yes,No,22.941,Positive,Tamil Nadu,Chartered Accountant
Female,No,2,Graduate,Salaried,47315,0,926370,48,1,Rural,30,Approved,696,567780,0.763,Auto,36110,0,0,3,1765625,Yes,Spouse,23564,MNC,PUNE-006,Yes,Yes,1.632,Neutral,Tamil Nadu,Medical Representative
Male,Yes,1,Graduate,Self-Employed,12826,0,341082,12,1,Semiurban,33,Rejected,684,153912,3.055,Renovation,39181,2,0,1,123553,Yes,Unknown,5946,Startup,CHN-007,Yes,No,2.216,Positive,Telangana,Bank Officer
Male,Yes,0,Graduate,Salaried,39467,0,441185,36,1,Rural,26,Approved,624,473604,0.024,Personal,932,1,0,2,1633895,No,Friend,21293,Government,HYD-005,Yes,Yes,0.932,Negative,Kerala,Chartered Accountant
Female,Yes,1,Graduate,Self-Employed,33973,0,617218,48,0,Urban,37,Rejected,607,407676,0.594,Auto,20194,0,2,8,1556719,No,Spouse,21985,Private,KOL-004,Yes,Yes,1.514,Positive,West Bengal,Software Engineer
Male,Yes,2,Graduate,Salaried,22257,0,6052518,240,1,Semiurban,36,Approved,749,267084,0.0,Home,0,2,0,1,964041,No,Parent,2000,Startup,MUM-002,Yes,Yes,22.661,Positive,Punjab,Bank Officer
Male,Yes,1,Graduate,Salaried,97389,0,3317479,360,1,Semiurban,34,Approved,615,1168668,0.079,Home,7725,0,0,7,3512498,No,Unknown,49793,Public,KOL-004,Yes,Yes,2.839,Positive,Karnataka,Civil Engineer
Male,No,3,Not Graduate,Salaried,51826,0,4939695,300,0,Urban,32,Rejected,583,621912,0.359,Home,18624,3,0,9,2309377,No,Parent,28874,MNC,DEL-001,Yes,Yes,7.943,Negative,Uttar Pradesh,Driver
Female,Yes,1,Graduate,Salaried,65320,0,159542,24,1,Semiurban,31,Approved,610,783840,0.413,Personal,26947,0,0,10,2490025,Yes,Unknown,29895,Government,MUM-002,Yes,Yes,0.204,Neutral,Telangana,Farmer
Male,Yes,0,Not Graduate,Salaried,53294,55261,415825,24,0,Urban,42,Approved,653,1302660,0.288,Personal,31254,1,1,5,4303175,No,Friend,38917,MNC,PUNE-006,Yes,Yes,0.319,Negative,Uttar Pradesh,Driver
Male,No,0,Not Graduate,Salaried,25858,13554,275311,48,1,Rural,19,Approved,623,472944,0.63,Auto,24837,1,0,11,1496669,No,Sibling,26862,Private,DEL-001,Yes,Yes,0.582,Negative,Gujarat,Marketing Executive
Male,No,1,Graduate,Salaried,35114,0,855545,48,1,Rural,38,Approved,702,421368,0.656,Auto,23050,0,0,5,1943989,No,Parent,15577,MNC,HYD-005,No,Yes,2.03,Positive,Gujarat,Driver
Female,No,0,Graduate,Salaried,60413,0,266403,48,1,Semiurban,35,Approved,688,724956,0.131,Education,7924,1,0,1,2808634,No,Friend,28704,Private,BLR-003,Yes,Yes,0.367,Positive,Maharashtra,Shopkeeper
Female,Yes,3,Graduate,Salaried,58890,0,87357,24,1,Semiurban,38,Approved,789,706680,0.675,Personal,39747,0,0,3,1802663,No,Spouse,21309,Government,MUM-002,Yes,Yes,0.124,Positive,Uttar Pradesh,Shopkeeper
Male,No,3,Graduate,Salaried,40851,28807,213254,180,1,Rural,20,Approved,821,835896,0.102,Business,7127,0,0,0,2086135,No,Spouse,32877,Private,PUNE-006,Yes,Yes,0.255,Positive,Punjab,Shopkeeper
Female,Yes,0,Graduate,Salaried,37868,0,6207776,240,1,Urban,36,Rejected,628,454416,0.689,Home,26085,1,0,0,1318808,No,Unknown,16524,MNC,CHN-007,No,Yes,13.661,Neutral,Gujarat,Farmer
Male,No,0,Graduate,Self-Employed,49228,39783,1484144,360,0,Urban,39,Approved,577,1068132,0.232,Business,20639,1,0,0,3549443,No,Parent,31113,Startup,DEL-001,Yes,Yes,1.389,Positive,Kerala,Civil Engineer
Male,Yes,2,Graduate,Salaried,60874,0,748358,36,1,Rural,40,Rejected,666,730488,0.348,Auto,21182,2,0,1,2054082,No,Unknown,27249,Public,KOL-004,Yes,Yes,1.024,Neutral,Gujarat,Civil Engineer
Female,Yes,3,Graduate,Unemployed,6168,3259,1642230,180,1,Semiurban,46,Approved,643,113124,0.0,Business,0,0,0,1,0,Yes,Unknown,7710,Startup,MUM-002,Yes,Yes,14.517,Neutral,Tamil Nadu,Small Business Owner
Male,No,1,Graduate,Salaried,27464,0,190854,24,1,Semiurban,49,Approved,740,329568,0.413,Renovation,11338,0,0,0,1381153,No,Parent,8343,Startup,BLR-003,Yes,Yes,0.579,Neutral,Telangana,Bank Officer
Male,No,2,Graduate,Self-Employed,41635,13330,373421,360,0,Semiurban,18,Approved,587,659580,0.595,Home,32710,1,0,3,1997563,No,Unknown,20303,MNC,DEL-001,Yes,Yes,0.566,Neutral,West Bengal,Delivery Partner
Female,Yes,2,Graduate,Retired,26866,0,1480984,60,1,Rural,30,Rejected,633,322392,3.068,Business,82436,0,0,9,321277,No,Spouse,10566,Public,CHN-007,Yes,Yes,4.594,Neutral,Delhi,Factory Worker
Male,No,1,Graduate,Salaried,59584,0,186421,24,0,Rural,45,Approved,516,715008,0.08,Renovation,4765,2,0,0,1582487,No,Spouse,27673,MNC,HYD-005,Yes,Yes,0.261,Positive,Punjab,Chartered Accountant
Female,Yes,0,Not Graduate,Salaried,38921,0,86915,60,1,Rural,33,Approved,609,467052,0.0,Personal,0,1,0,1,1044727,No,Parent,13048,Private,KOL-004,Yes,Yes,0.186,Neutral,Uttar Pradesh,Marketing Executive
Male,No,1,Graduate,Unemployed,13432,0,97602,36,1,Rural,37,Approved,669,161184,0.501,Education,6723,2,0,0,762831,No,Unknown,5149,MNC,BLR-003,No,Yes,0.606,Neutral,Karnataka,IT Consultant
Male,Yes,0,Graduate,Self-Employed,3000,0,284721,48,1,Urban,30,Approved,714,36000,0.0,Renovation,0,0,0,0,523928,No,Unknown,3000,MNC,MUM-002,Yes,Yes,7.909,Neutral,Telangana,Civil Engineer
Female,No,2,Graduate,Salaried,106490,0,684787,72,1,Urban,51,Approved,639,1277880,0.401,Auto,42661,0,0,4,2509521,No,Spouse,61243,Private,DEL-001,No,Yes,0.536,Neutral,Punjab,Civil Engineer
Male,Yes,3,Not Graduate,Salaried,42701,42393,932831,60,0,Semiurban,27,Approved,549,1021128,0.069,Auto,5853,0,0,4,3029500,No,Parent,41322,MNC,DEL-001,Yes,Yes,0.914,Positive,Delhi,Government Officer
Male,Yes,0,Graduate,Self-Employed,70799,0,162912,12,1,Urban,32,Approved,634,849588,0.433,Medical,30628,0,0,6,2180699,No,Friend,30782,Public,KOL-004,Yes,Yes,0.192,Neutral,Punjab,Teacher
Male,No,1,Graduate,Salaried,30865,0,431752,36,1,Semiurban,28,Approved,636,370380,0.214,Personal,6605,1,0,3,1227178,Yes,Parent,14074,Private,HYD-005,Yes,Yes,1.166,Neutral,Tamil Nadu,Government Officer
Female,No,1,Graduate,Self-Employed,89926,0,6334190,120,1,Semiurban,35,Approved,682,1079112,0.0,Home,0,0,0,1,2323738,No,Parent,34361,Public,MUM-002,Yes,Yes,5.87,Negative,Kerala,Factory Worker
Male,Yes,1,Not Graduate,Salaried,70946,0,9640979,360,1,Rural,27,Rejected,642,851352,0.557,Home,39491,1,0,9,2479338,No,Spouse,30449,Public,BLR-003,Yes,Yes,11.324,Neutral,Kerala,Marketing Executive
Male,Yes,1,Graduate,Salaried,65440,71260,4509778,360,1,Rural,42,Approved,641,1640400,0.136,Home,18618,1,0,1,5372009,No,Unknown,56156,MNC,BLR-003,Yes,Yes,2.749,Negative,Gujarat,Bank Officer
Male,Yes,0,Not Graduate,Self-Employed,40563,0,3787056,300,1,Semiurban,22,Rejected,653,486756,0.665,Home,26979,1,0,4,1732175,No,Spouse,19988,Public,BLR-003,No,Yes,7.78,Positive,Tamil Nadu,Teacher
Female,Yes,0,Graduate,Self-Employed,84424,83158,7389405,240,1,Urban,36,Approved,625,2010984,0.16,Home,26882,0,0,2,6140783,No,Spouse,77590,Startup,KOL-004,Yes,No,3.675,Neutral,Punjab,Farmer
Male,No,0,Graduate,Self-Employed,23344,0,982018,48,1,Semiurban,27,Rejected,659,280128,2.204,Auto,51447,1,0,2,1188699,No,Unknown,4920,Startup,KOL-004,No,Yes,3.506,Neutral,Gujarat,Shopkeeper
Female,Yes,2,Not Graduate,Self-Employed,64993,0,6341312,360,1,Urban,43,Approved,662,779916,0.0,Home,0,0,0,4,1803377,No,Parent,31686,Government,CHN-007,Yes,Yes,8.131,Positive,Gujarat,Teacher
Female,No,0,Not Graduate,Self-Employed,24586,42,497456,180,1,Semiurban,47,Approved,640,295536,0.181,Business,4458,0,0,3,1890678,No,Spouse,16756,Government,PUNE-006,Yes,Yes,1.683,Neutral,Maharashtra,Shopkeeper
Male,Yes,1,Graduate,Salaried,38524,0,246883,360,0,Semiurban,39,Rejected,594,462288,0.973,Home,37487,0,1,5,1225854,No,Spouse,16075,Public,CHN-007,Yes,Yes,0.534,Neutral,Maharashtra,Civil Engineer
Male,Yes,3,Graduate,Salaried,40082,0,339798,24,1,Urban,23,Approved,681,480984,0.289,Personal,11571,0,0,0,2154624,No,Unknown,12686,Private,HYD-005,Yes,No,0.706,Positive,Telangana,Civil Engineer
Male,No,0,Graduate,Unemployed,4309,2539,4920755,240,1,Rural,29,Approved,633,82176,0.0,Home,0,0,0,1,265712,No,Friend,6848,Government,PUNE-006,Yes,Yes,59.881,Neutral,Uttar Pradesh,IT Consultant
Female,No,0,Graduate,Salaried,42026,0,19968,48,1,Semiurban,37,Approved,707,504312,0.355,Auto,14932,1,0,2,1329004,No,Spouse,21083,Private,HYD-005,Yes,Yes,0.04,Neutral,Telangana,Customer Support Executive
Male,Yes,2,Not Graduate,Salaried,55496,0,277405,36,0,Rural,25,Rejected,614,665952,0.436,Renovation,24200,0,2,0,2613098,No,Unknown,18281,MNC,MUM-002,Yes,Yes,0.417,Negative,Telangana,Teacher
Male,Yes,1,Graduate,Self-Employed,14333,0,539868,24,0,Urban,37,Rejected,665,171996,1.765,Renovation,25294,0,1,0,1129127,No,Company,5819,Public,CHN-007,Yes,Yes,3.139,Neutral,Kerala,Driver
Male,No,2,Graduate,Salaried,5000,0,704824,240,1,Semiurban,28,Rejected,709,60000,1.661,Business,8306,1,0,1,23338,No,Company,2000,Private,PUNE-006,Yes,Yes,11.747,Negative,Punjab,Factory Worker
Male,No,1,Graduate,Retired,33195,0,235773,36,0,Urban,35,Rejected,566,398340,1.812,Personal,60147,1,0,4,1648609,No,Spouse,14870,Private,PUNE-006,Yes,No,0.592,Positive,Maharashtra,Delivery Partner
Male,Yes,1,Not Graduate,Salaried,58603,0,2123599,60,1,Rural,19,Approved,636,703236,0.0,Business,0,2,0,1,2736239,No,Sibling,21184,Government,HYD-005,Yes,Yes,3.02,Positive,Gujarat,Software Engineer
Male,Yes,3,Graduate,Retired,18321,0,3278196,360,1,Urban,38,Approved,682,219852,0.829,Home,15185,2,0,11,1365311,No,Unknown,2000,Public,KOL-004,Yes,Yes,14.911,Negative,Kerala,IT Consultant
Male,No,1,Graduate,Self-Employed,10141,12632,1278283,240,1,Urban,38,Rejected,686,273276,0.976,Home,22218,0,0,2,291890,No,Parent,7304,MNC,MUM-002,Yes,Yes,4.678,Negative,Maharashtra,Farmer
Male,Yes,0,Not Graduate,Salaried,59322,0,301278,48,0,Semiurban,39,Approved,492,711864,0.0,Renovation,0,0,2,0,1544697,Yes,Spouse,24074,Government,KOL-004,Yes,Yes,0.423,Neutral,Delhi,Teacher
Male,Yes,3,Not Graduate,Salaried,66471,0,143751,24,1,Urban,23,Approved,630,797652,0.179,Personal,11925,3,0,6,1607893,No,Spouse,29422,MNC,MUM-002,No,Yes,0.18,Neutral,Uttar Pradesh,Software Engineer
Female,Yes,3,Graduate,Unemployed,9614,0,220451,48,0,Rural,28,Rejected,506,115368,3.672,Renovation,35307,0,0,0,476892,No,Unknown,2000,Private,CHN-007,No,Yes,1.911,Neutral,West Bengal,Electrician
Male,Yes,2,Not Graduate,Salaried,50523,15191,215947,12,1,Urban,20,Approved,646,788568,0.0,Personal,0,1,0,0,2025994,No,Friend,31024,MNC,CHN-007,Yes,Yes,0.274,Negative,Delhi,Small Business Owner
Female,Yes,1,Graduate,Salaried,25447,0,2593750,360,1,Rural,31,Rejected,660,305364,0.63,Home,16034,1,0,0,1936016,No,Unknown,11446,Public,PUNE-006,Yes,Yes,8.494,Negative,Uttar Pradesh,Factory Worker
Female,Yes,0,Graduate,Salaried,24204,0,122149,36,1,Urban,40,Approved,765,290448,0.125,Renovation,3029,0,0,7,755656,No,Parent,10778,Government,KOL-004,Yes,Yes,0.421,Neutral,Karnataka,Nurse
Male,Yes,0,Graduate,Salaried,56322,0,744990,48,1,Urban,35,Approved,639,675864,0.605,Auto,34097,0,0,4,2048544,No,Sibling,26487,Private,DEL-001,Yes,Yes,1.102,Negative,West Bengal,Teacher
Male,Yes,1,Graduate,Self-Employed,15603,0,1784839,240,1,Rural,26,Rejected,620,187236,1.818,Business,28360,0,0,2,1109878,Yes,Spouse,4260,MNC,HYD-005,Yes,Yes,9.533,Neutral,Delhi,Farmer
Male,Yes,1,Not Graduate,Salaried,27580,0,11054290,300,1,Semiurban,35,Approved,731,330960,0.0,Home,0,2,0,15,1465048,No,Friend,17937,Private,PUNE-006,Yes,Yes,33.401,Positive,Punjab,Shopkeeper
Male,No,2,Graduate,Unemployed,11552,0,5405347,180,1,Urban,40,Rejected,656,138624,2.315,Home,26747,2,0,2,1002990,No,Company,11552,MNC,MUM-002,Yes,Yes,38.993,Negative,Karnataka,Delivery Partner
Female,No,0,Not Graduate,Self-Employed,48780,0,1808345,300,1,Semiurban,18,Approved,657,585360,0.0,Home,0,0,0,3,2813965,No,Parent,29137,Government,CHN-007,Yes,Yes,3.089,Neutral,Tamil Nadu,Chartered Accountant
Male,Yes,0,Graduate,Salaried,58900,57943,3956829,300,0,Urban,34,Rejected,557,1402116,0.311,Home,36283,1,0,1,4141763,Yes,Parent,53474,Government,HYD-005,Yes,Yes,2.822,Negative,Kerala,Chartered Accountant
Male,Yes,0,Graduate,Self-Employed,44877,0,173334,48,0,Semiurban,30,Approved,587,538524,0.76,Renovation,34122,4,0,4,2489223,Yes,Parent,14791,Startup,HYD-005,Yes,Yes,0.322,Negative,Maharashtra,Bank Officer
Female,No,0,Graduate,Salaried,68909,89060,5353682,240,1,Urban,23,Approved,716,1895628,0.079,Home,12502,3,0,0,6086434,No,Spouse,67608,Government,PUNE-006,Yes,Yes,2.824,Negative,Kerala,Shopkeeper
Female,Yes,0,Graduate,Salaried,32897,10064,1344796,360,1,Rural,39,Approved,667,515532,0.0,Business,0,2,0,5,563571,No,Sibling,21549,Government,MUM-002,No,Yes,2.609,Neutral,Telangana,Factory Worker
Male,No,3,Not Graduate,Salaried,13013,0,7987729,120,0,Urban,36,Rejected,509,156156,0.753,Home,9795,2,2,0,289154,No,Unknown,8895,Startup,DEL-001,Yes,Yes,51.152,Negative,Uttar Pradesh,Medical Representative
Male,Yes,1,Graduate,Self-Employed,60815,65745,762471,60,1,Urban,39,Approved,685,1518720,0.0,Business,0,1,0,6,4391926,Yes,Parent,62051,MNC,HYD-005,Yes,Yes,0.502,Neutral,Tamil Nadu,Teacher
Male,No,1,Graduate,Salaried,47459,0,1377005,36,0,Semiurban,43,Rejected,446,569508,0.166,Auto,7861,1,1,0,1473634,No,Company,20663,Startup,BLR-003,Yes,Yes,2.418,Positive,Telangana,Marketing Executive
Male,Yes,1,Not Graduate,Unemployed,16261,0,6013885,300,1,Semiurban,30,Rejected,774,195132,0.838,Home,13626,1,0,2,281819,No,Sibling,2185,MNC,KOL-004,Yes,Yes,30.82,Positive,Maharashtra,Medical Representative
Female,No,2,Graduate,Self-Employed,13714,0,2395460,360,0,Rural,34,Rejected,571,164568,2.733,Business,37477,0,0,1,608032,No,Unknown,2000,Government,CHN-007,Yes,Yes,14.556,Neutral,Delhi,Small Business Owner
Female,No,0,Not Graduate,Salaried,31559,0,3626027,180,1,Urban,38,Rejected,674,378708,0.389,Home,12275,0,0,5,565510,Yes,Spouse,11101,Public,HYD-005,Yes,Yes,9.575,Negative,Punjab,Software Engineer
Male,Yes,0,Graduate,Unemployed,3603,2045,1221311,300,1,Semiurban,50,Rejected,619,67776,3.921,Home,22143,0,0,1,0,No,Unknown,2000,Startup,HYD-005,No,Yes,18.02,Neutral,Karnataka,Shopkeeper
Male,No,2,Not Graduate,Salaried,61964,0,1068155,360,1,Semiurban,35,Approved,701,743568,0.148,Home,9160,0,0,1,2190608,No,Unknown,22363,Government,PUNE-006,Yes,Yes,1.437,Negative,Punjab,Teacher
Female,Yes,0,Graduate,Self-Employed,77815,0,483412,72,0,Semiurban,32,Approved,555,933780,0.0,Auto,0,0,1,1,2908102,No,Friend,36072,MNC,BLR-003,No,Yes,0.518,Neutral,Delhi,Customer Support Executive
Male,Yes,0,Graduate,Salaried,75255,0,2144434,360,1,Rural,23,Approved,722,903060,0.292,Business,21943,0,0,3,3050149,No,Spouse,29732,Private,PUNE-006,Yes,Yes,2.375,Positive,Tamil Nadu,Small Business Owner
Male,Yes,2,Not Graduate,Unemployed,22066,25070,5752191,180,1,Semiurban,28,Approved,692,565632,0.536,Home,25271,1,0,0,321106,No,Company,25456,Private,BLR-003,Yes,Yes,10.169,Negative,Maharashtra,Factory Worker
Female,Yes,0,Graduate,Salaried,45864,0,3689458,300,0,Semiurban,25,Rejected,547,550368,0.167,Home,7681,2,0,0,1917063,No,Sibling,20408,Government,DEL-001,Yes,No,6.704,Negative,Gujarat,Factory Worker
Male,Yes,2,Graduate,Unemployed,7936,5756,2403209,360,1,Urban,36,Approved,633,164304,0.0,Business,0,1,0,0,0,No,Sibling,12775,Public,CHN-007,Yes,Yes,14.627,Negative,Maharashtra,Government Officer
Female,Yes,0,Not Graduate,Unemployed,21740,0,427872,24,1,Rural,49,Approved,757,260880,0.0,Renovation,0,0,0,2,844858,Yes,Sibling,10266,MNC,HYD-005,Yes,No,1.64,Neutral,Punjab,Delivery Partner
Male,Yes,2,Graduate,Self-Employed,39294,0,647871,360,1,Urban,29,Approved,748,471528,0.701,Home,27532,0,0,1,966349,No,Unknown,23663,MNC,PUNE-006,Yes,Yes,1.374,Neutral,West Bengal,IT Consultant
Male,No,0,Graduate,Self-Employed,26018,0,1180510,36,1,Urban,43,Approved,776,312216,0.325,Auto,8443,0,0,7,1722631,No,Company,16730,MNC,KOL-004,Yes,Yes,3.781,Neutral,Kerala,Civil Engineer
Male,No,1,Not Graduate,Salaried,71852,64248,1034473,120,1,Urban,36,Approved,625,1633200,0.247,Home,33583,0,0,2,4654676,No,Spouse,65603,Government,MUM-002,Yes,No,0.633,Negative,Telangana,Civil Engineer
Male,No,3,Not Graduate,Self-Employed,53112,28098,6269592,300,0,Rural,33,Rejected,623,974520,0.727,Home,59007,1,2,1,2880863,No,Friend,42432,Public,KOL-004,Yes,Yes,6.434,Negative,Punjab,Delivery Partner
Male,Yes,0,Graduate,Salaried,79206,0,1001651,240,0,Urban,36,Approved,545,950472,0.0,Business,0,0,0,8,2681195,No,Unknown,26727,Public,PUNE-006,Yes,No,1.054,Negative,West Bengal,Bank Officer
Female,Yes,1,Graduate,Salaried,31574,0,379635,36,1,Rural,18,Approved,832,378888,0.0,Medical,0,0,0,0,1204117,Yes,Spouse,17012,Government,PUNE-006,Yes,Yes,1.002,Neutral,Kerala,Medical Representative
Female,No,2,Graduate,Salaried,82347,96616,120172,48,1,Rural,54,Approved,759,2147556,0.0,Personal,0,2,0,3,5884069,No,Sibling,83751,Private,BLR-003,Yes,No,0.056,Positive,Gujarat,Marketing Executive
Female,No,3,Graduate,Unemployed,10667,0,8633990,300,1,Semiurban,44,Approved,732,128004,0.0,Home,0,3,0,0,175620,No,Spouse,10667,Government,CHN-007,Yes,No,67.451,Negative,Telangana,Marketing Executive
Male,No,1,Not Graduate,Self-Employed,51930,0,124145,48,0,Rural,28,Rejected,501,623160,0.067,Auto,3460,1,2,0,1527375,No,Parent,30818,Startup,KOL-004,Yes,Yes,0.199,Negative,Maharashtra,Chartered Accountant
Male,No,2,Not Graduate,Salaried,39222,0,7332649,360,0,Rural,33,Rejected,555,470664,0.235,Home,9199,2,0,10,1074136,No,Spouse,21120,MNC,KOL-004,Yes,Yes,15.579,Neutral,Maharashtra,Driver
Male,No,0,Graduate,Self-Employed,5719,0,2718608,240,1,Semiurban,45,Rejected,615,68628,1.398,Business,7996,0,0,0,6101,No,Sibling,2000,Government,HYD-005,Yes,Yes,39.614,Positive,Uttar Pradesh,Chartered Accountant
Male,Yes,0,Graduate,Retired,13514,0,723635,180,1,Rural,25,Rejected,710,162168,0.588,Business,7945,0,0,2,1208859,No,Company,2000,Public,BLR-003,Yes,Yes,4.462,Negative,Gujarat,Teacher
Female,No,1,Not Graduate,Self-Employed,67059,0,203016,24,1,Rural,33,Approved,653,804708,0.0,Personal,0,0,0,2,2022714,No,Spouse,26932,Startup,CHN-007,Yes,Yes,0.252,Negative,Uttar Pradesh,Small Business Owner
Female,Yes,0,Graduate,Self-Employed,5603,2672,1536115,240,0,Semiurban,41,Rejected,547,99300,7.965,Business,65912,0,0,5,0,Yes,Parent,2000,Government,BLR-003,Yes,Yes,15.469,Neutral,West Bengal,IT Consultant
Female,Yes,0,Graduate,Self-Employed,52590,0,1093264,180,1,Rural,32,Approved,632,631080,0.0,Home,0,0,0,3,2320887,Yes,Unknown,30334,Startup,CHN-007,Yes,Yes,1.732,Negative,Tamil Nadu,Government Officer
Male,Yes,0,Graduate,Salaried,39728,6542,11510770,240,0,Urban,37,Rejected,580,555240,0.697,Home,32273,0,0,3,3047377,No,Spouse,16151,Government,PUNE-006,No,Yes,20.731,Positive,Karnataka,IT Consultant
Female,No,0,Graduate,Salaried,60823,84196,1868862,60,1,Rural,18,Approved,606,1740228,0.057,Auto,8245,0,0,2,4468523,No,Company,66727,Private,HYD-005,Yes,No,1.074,Neutral,Tamil Nadu,Bank Officer
Female,No,0,Graduate,Salaried,57177,0,10157196,300,1,Rural,45,Rejected,647,686124,0.489,Home,27986,0,0,0,1858430,No,Unknown,32900,Private,HYD-005,No,No,14.804,Neutral,Punjab,Civil Engineer
Male,Yes,0,Graduate,Self-Employed,69834,0,440085,60,1,Urban,35,Approved,782,838008,0.046,Personal,3213,1,0,2,1603580,No,Parent,32879,Government,PUNE-006,Yes,Yes,0.525,Positive,Punjab,Customer Support Executive
Male,Yes,0,Graduate,Self-Employed,38514,0,203195,48,1,Urban,34,Approved,698,462168,0.0,Medical,0,1,0,6,1765588,No,Friend,13942,MNC,HYD-005,No,Yes,0.44,Negative,Gujarat,Small Business Owner
Male,Yes,1,Not Graduate,Salaried,74422,50924,2760956,240,1,Semiurban,32,Approved,685,1504152,0.252,Home,31594,0,0,1,4981753,No,Unknown,55346,Private,HYD-005,Yes,Yes,1.836,Positive,Tamil Nadu,Delivery Partner
Male,No,0,Graduate,Salaried,47829,0,408587,36,0,Rural,28,Approved,552,573948,0.0,Renovation,0,0,0,1,1351725,No,Sibling,19023,MNC,KOL-004,Yes,No,0.712,Neutral,Tamil Nadu,Customer Support Executive
Female,Yes,1,Not Graduate,Salaried,51767,68802,772204,36,1,Urban,37,Approved,632,1446828,0.158,Auto,19102,0,0,3,4778205,Yes,Spouse,55145,MNC,DEL-001,Yes,Yes,0.534,Negative,Delhi,Customer Support Executive
Male,Yes,0,Graduate,Unemployed,7533,0,337979,60,0,Semiurban,18,Approved,756,90396,0.0,Education,0,1,1,0,905629,No,Friend,6473,Government,MUM-002,Yes,Yes,3.739,Negative,Gujarat,IT Consultant
Male,Yes,3,Graduate,Salaried,57236,0,230665,36,1,Rural,52,Approved,764,686832,0.727,Auto,41587,1,0,1,2075784,No,Parent,23905,Government,BLR-003,Yes,Yes,0.336,Neutral,Uttar Pradesh,Driver
Male,No,1,Not Graduate,Salaried,86597,40640,1095183,60,1,Urban,27,Approved,717,1526844,0.356,Auto,45243,0,0,0,5292625,No,Friend,57092,MNC,HYD-005,Yes,Yes,0.717,Positive,Uttar Pradesh,Electrician
Female,Yes,2,Graduate,Self-Employed,43152,0,136852,12,0,Semiurban,37,Rejected,553,517824,0.0,Renovation,0,1,2,4,1730168,Yes,Unknown,21050,Private,MUM-002,Yes,Yes,0.264,Neutral,Punjab,Chartered Accountant
Male,No,2,Graduate,Salaried,60475,0,498727,48,1,Rural,29,Approved,714,725700,0.725,Medical,43873,2,0,0,1973393,No,Sibling,26270,Public,PUNE-006,Yes,Yes,0.687,Neutral,Punjab,Factory Worker
Male,No,0,Graduate,Salaried,74058,31724,971018,240,1,Semiurban,40,Approved,605,1269384,0.025,Business,2628,1,0,2,3337201,No,Parent,52057,Startup,KOL-004,Yes,Yes,0.765,Negative,West Bengal,Shopkeeper
Male,Yes,0,Graduate,Self-Employed,97964,0,295232,60,1,Rural,29,Approved,728,1175568,0.149,Education,14633,1,0,2,3864036,No,Company,43942,MNC,BLR-003,No,Yes,0.251,Positive,Tamil Nadu,Software Engineer
Female,Yes,0,Not Graduate,Salaried,18263,0,2657792,300,0,Semiurban,27,Rejected,553,219156,1.946,Home,35544,1,0,2,1187081,No,Parent,8866,MNC,PUNE-006,No,Yes,12.127,Negative,Tamil Nadu,Civil Engineer
Female,Yes,0,Graduate,Unemployed,3343,0,2279459,360,1,Rural,40,Rejected,702,40116,4.821,Business,16116,2,0,0,512068,No,Friend,2000,Government,PUNE-006,No,Yes,56.822,Neutral,Karnataka,Bank Officer
Male,Yes,2,Graduate,Salaried,86867,0,2044818,240,1,Semiurban,38,Approved,748,1042404,0.0,Business,0,3,0,1,3263669,Yes,Company,39967,Startup,DEL-001,Yes,Yes,1.962,Positive,Karnataka,Factory Worker
Male,No,1,Graduate,Salaried,78308,15905,5538569,120,1,Rural,26,Rejected,657,1130556,0.371,Home,34945,0,0,7,4709999,No,Spouse,40560,Government,DEL-001,No,No,4.899,Negative,Maharashtra,Government Officer
Male,No,0,Not Graduate,Salaried,33336,0,1149667,72,1,Urban,30,Approved,650,400032,0.554,Auto,18482,3,0,0,1403447,Yes,Friend,18310,Startup,DEL-001,Yes,Yes,2.874,Neutral,Karnataka,Software Engineer
Male,No,0,Graduate,Self-Employed,30265,0,250969,48,1,Semiurban,49,Approved,693,363180,0.008,Medical,234,1,0,1,1459375,No,Spouse,6937,Public,PUNE-006,Yes,Yes,0.691,Positive,Tamil Nadu,Farmer
Male,No,2,Not Graduate,Salaried,62415,0,169840,180,1,Semiurban,37,Approved,739,748980,0.174,Business,10840,0,0,3,3307802,No,Parent,38151,Private,KOL-004,No,Yes,0.227,Positive,West Bengal,Farmer
Male,Yes,0,Graduate,Salaried,66977,0,5255159,300,1,Urban,37,Approved,723,803724,0.311,Home,20863,0,0,9,2607445,No,Spouse,31865,Startup,BLR-003,Yes,Yes,6.539,Negative,Tamil Nadu,Delivery Partner
Male,Yes,3,Not Graduate,Unemployed,3727,0,525291,60,1,Urban,25,Approved,697,44724,0.0,Medical,0,0,0,5,711289,No,Friend,2000,Startup,CHN-007,No,Yes,11.745,Neutral,Gujarat,Civil Engineer
Male,No,2,Graduate,Salaried,38919,0,644232,24,0,Rural,57,Approved,568,467028,0.0,Renovation,0,0,0,4,1275747,No,Unknown,14877,Public,KOL-004,Yes,No,1.379,Negative,Karnataka,Shopkeeper
Male,Yes,0,Not Graduate,Salaried,22077,0,1595837,240,1,Urban,42,Rejected,744,264924,1.104,Business,24365,0,0,9,641784,No,Parent,9193,Startup,CHN-007,Yes,No,6.024,Negative,Delhi,Nurse
Female,Yes,2,Graduate,Self-Employed,59358,0,4060515,300,1,Semiurban,27,Rejected,853,712296,1.19,Home,70664,2,0,9,3198883,No,Sibling,22853,Government,BLR-003,Yes,No,5.701,Positive,Telangana,Bank Officer
Male,Yes,2,Graduate,Unemployed,0,0,4765490,300,1,Semiurban,19,Rejected,697,0,11332.0,Home,11332,0,0,1,0,No,Unknown,0,Government,DEL-001,Yes,Yes,100.0,Positive,Maharashtra,Small Business Owner
Female,Yes,3,Not Graduate,Salaried,79411,75433,5852026,360,1,Urban,41,Approved,622,1858128,0.204,Home,31599,1,0,6,6249631,Yes,Company,66831,Startup,PUNE-006,Yes,Yes,3.149,Negative,Delhi,Factory Worker
Male,Yes,0,Graduate,Self-Employed,43248,0,1037169,120,1,Semiurban,36,Approved,687,518976,0.658,Business,28449,0,0,5,1816980,Yes,Unknown,22889,Private,MUM-002,Yes,Yes,1.998,Negative,West Bengal,Delivery Partner
Male,No,3,Not Graduate,Self-Employed,9265,0,3320580,240,1,Rural,49,Rejected,750,111180,1.094,Business,10139,0,0,0,314373,Yes,Unknown,2000,MNC,BLR-003,Yes,Yes,29.867,Negative,Uttar Pradesh,Bank Officer
Male,Yes,0,Graduate,Salaried,51832,0,13790960,360,1,Semiurban,46,Rejected,685,621984,1.002,Home,51916,1,0,3,1603505,No,Spouse,26734,Startup,KOL-004,Yes,Yes,22.173,Positive,Kerala,Delivery Partner
Female,Yes,0,Graduate,Unemployed,3570,0,214896,48,0,Rural,39,Rejected,483,42840,9.147,Education,32654,1,0,1,0,Yes,Unknown,3570,Government,CHN-007,Yes,Yes,5.016,Neutral,Kerala,Government Officer
Male,Yes,1,Graduate,Salaried,38591,0,177546,12,1,Rural,45,Approved,642,463092,1.045,Personal,40340,0,0,3,2254683,No,Unknown,17488,Government,PUNE-006,Yes,No,0.383,Neutral,Punjab,IT Consultant
Male,Yes,1,Graduate,Salaried,43309,0,54642,36,1,Semiurban,24,Approved,809,519708,0.7,Medical,30313,1,0,7,1528992,No,Friend,16937,Government,HYD-005,Yes,Yes,0.105,Positive,Kerala,Nurse
Female,Yes,2,Graduate,Salaried,33435,0,957182,36,1,Semiurban,39,Rejected,654,401220,1.036,Education,34636,0,0,3,715557,Yes,Sibling,22871,Startup,PUNE-006,Yes,Yes,2.386,Positive,Maharashtra,Government Officer
Female,Yes,0,Graduate,Salaried,102440,69074,3314224,180,1,Rural,28,Approved,643,2058168,0.0,Home,0,0,0,5,6419802,No,Friend,77917,MNC,KOL-004,Yes,No,1.61,Positive,Kerala,Software Engineer
Male,Yes,0,Graduate,Self-Employed,26139,17920,283333,24,1,Rural,26,Approved,669,528708,0.0,Medical,0,1,0,2,1358873,No,Company,14358,Public,MUM-002,Yes,Yes,0.536,Neutral,Delhi,IT Consultant
Male,Yes,2,Graduate,Self-Employed,36218,0,2709143,240,1,Urban,30,Approved,628,434616,0.0,Business,0,3,0,11,986194,No,Parent,11480,Government,CHN-007,No,Yes,6.233,Neutral,Kerala,Driver
Female,Yes,2,Graduate,Salaried,56112,30983,4593785,360,1,Urban,44,Approved,735,1045140,0.0,Home,0,1,0,0,3360344,No,Sibling,42438,Public,DEL-001,Yes,Yes,4.395,Neutral,Delhi,Delivery Partner
Male,Yes,1,Graduate,Salaried,41738,3920,6281960,300,1,Semiurban,25,Rejected,667,547896,0.367,Home,16765,2,0,0,1531101,No,Friend,17488,Startup,DEL-001,Yes,No,11.466,Positive,Karnataka,Bank Officer
Female,Yes,1,Not Graduate,Salaried,107330,33876,7837024,360,1,Urban,41,Approved,648,1694472,0.0,Home,0,1,0,3,4840313,No,Spouse,61989,Startup,KOL-004,Yes,Yes,4.625,Neutral,Delhi,Small Business Owner
Male,No,0,Graduate,Salaried,38058,47047,3609128,300,0,Rural,24,Rejected,552,1021260,0.0,Home,0,2,0,0,2816038,No,Parent,44123,Government,KOL-004,No,Yes,3.534,Negative,Delhi,Delivery Partner
Female,No,1,Graduate,Salaried,34903,0,65179,24,1,Rural,35,Approved,673,418836,0.097,Medical,3381,0,0,5,1656747,Yes,Unknown,13690,Government,DEL-001,Yes,No,0.156,Positive,Karnataka,Farmer
Male,No,1,Graduate,Self-Employed,3000,1891,2521658,360,1,Rural,27,Rejected,697,58692,3.311,Business,16193,1,0,2,160378,No,Friend,4891,Startup,PUNE-006,Yes,Yes,42.964,Neutral,Delhi,Government Officer
Female,Yes,0,Graduate,Salaried,97426,31188,1404100,240,1,Rural,36,Approved,641,1543368,0.0,Business,0,0,0,0,4448465,No,Unknown,61041,Public,PUNE-006,Yes,No,0.91,Positive,Uttar Pradesh,Electrician
Male,No,0,Not Graduate,Salaried,48361,32787,791415,36,0,Rural,43,Rejected,490,973776,0.0,Auto,0,2,3,2,2596678,No,Company,31725,MNC,DEL-001,Yes,Yes,0.813,Negative,Karnataka,Chartered Accountant
Male,Yes,0,Graduate,Self-Employed,84079,74796,490718,36,1,Rural,45,Approved,768,1906500,0.02,Personal,3156,2,0,0,5713205,No,Unknown,73897,Public,CHN-007,Yes,Yes,0.257,Negative,Telangana,Nurse
Female,Yes,3,Not Graduate,Self-Employed,34729,11833,500672,24,0,Urban,37,Approved,543,558744,0.402,Personal,18733,1,0,1,1826184,No,Friend,14784,MNC,DEL-001,No,Yes,0.896,Negative,Maharashtra,Delivery Partner
Female,Yes,3,Graduate,Self-Employed,42143,0,95280,300,0,Urban,37,Rejected,589,505716,0.685,Home,28873,1,0,0,1771895,Yes,Parent,25675,MNC,KOL-004,Yes,Yes,0.188,Neutral,Kerala,Shopkeeper
Male,Yes,0,Graduate,Self-Employed,3000,529,462655,36,1,Urban,54,Rejected,685,42348,1.108,Personal,3909,3,0,1,1000662,Yes,Spouse,3529,Public,CHN-007,No,Yes,10.925,Negative,Tamil Nadu,Driver
Male,No,2,Graduate,Unemployed,12493,0,2585188,180,1,Semiurban,39,Rejected,605,149916,0.585,Business,7308,0,0,0,96157,No,Unknown,10434,Government,HYD-005,Yes,Yes,17.244,Negative,Gujarat,Medical Representative
Female,Yes,0,Graduate,Salaried,68684,0,714338,180,1,Semiurban,21,Approved,641,824208,0.314,Business,21574,0,0,5,2192013,No,Friend,37736,MNC,PUNE-006,Yes,No,0.867,Negative,Gujarat,Teacher
Male,Yes,1,Not Graduate,Salaried,33645,0,635018,240,1,Urban,33,Approved,692,403740,0.554,Business,18631,1,0,1,906762,No,Sibling,14200,Public,MUM-002,Yes,Yes,1.573,Neutral,Punjab,Delivery Partner
Male,No,1,Not Graduate,Unemployed,6710,0,205113,12,0,Rural,40,Approved,575,80520,0.0,Personal,0,1,0,0,650302,No,Parent,2000,Private,PUNE-006,Yes,No,2.547,Negative,Maharashtra,Electrician
Other,No,1,Graduate,Salaried,36147,31669,7465106,300,1,Semiurban,32,Approved,626,813792,0.663,Home,44990,1,0,4,2199413,No,Unknown,32484,Startup,DEL-001,Yes,Yes,9.173,Neutral,Uttar Pradesh,Nurse
Male,Yes,1,Not Graduate,Salaried,45957,0,10806,24,0,Rural,32,Rejected,559,551484,0.83,Personal,38146,0,0,0,1829260,No,Spouse,20072,Startup,DEL-001,Yes,Yes,0.02,Neutral,Karnataka,Delivery Partner
Male,No,0,Graduate,Self-Employed,6843,5857,47881,48,1,Semiurban,40,Approved,723,152400,3.416,Renovation,43386,1,0,0,309013,No,Spouse,2000,Public,PUNE-006,Yes,Yes,0.314,Negative,Karnataka,Electrician
Female,Yes,0,Graduate,Salaried,16207,4670,315575,360,0,Semiurban,23,Approved,543,250524,0.523,Home,10928,0,0,1,420097,No,Sibling,16052,Government,CHN-007,Yes,Yes,1.26,Positive,Tamil Nadu,IT Consultant
Male,Yes,0,Graduate,Salaried,38875,0,236042,240,1,Urban,45,Approved,700,466500,0.0,Business,0,0,0,0,1302727,No,Unknown,16970,Startup,CHN-007,Yes,Yes,0.506,Neutral,Telangana,Government Officer
Male,Yes,0,Graduate,Self-Employed,88212,0,3668197,120,1,Semiurban,25,Approved,687,1058544,0.207,Home,18288,0,0,0,3113998,No,Unknown,35397,Public,CHN-007,No,Yes,3.465,Positive,Delhi,Nurse
Male,Yes,2,Not Graduate,Salaried,5000,1976,4479540,360,0,Semiurban,20,Rejected,505,83712,6.299,Home,43942,1,0,2,0,No,Unknown,2000,MNC,BLR-003,Yes,Yes,53.511,Neutral,Tamil Nadu,IT Consultant
Male,No,1,Not Graduate,Salaried,9649,0,5720378,300,0,Semiurban,30,Rejected,518,115788,2.403,Home,23184,0,0,1,695046,No,Parent,4199,Private,BLR-003,Yes,Yes,49.404,Positive,Kerala,Software Engineer
Female,No,0,Graduate,Self-Employed,68112,0,162358,24,0,Semiurban,35,Approved,574,817344,0.079,Personal,5362,0,0,0,2889078,Yes,Spouse,32817,Government,KOL-004,Yes,No,0.199,Negative,Tamil Nadu,Software Engineer
Female,No,0,Not Graduate,Salaried,69866,0,1880986,300,0,Urban,35,Approved,570,838392,0.0,Home,0,0,0,0,2927829,Yes,Parent,30113,Startup,DEL-001,Yes,Yes,2.244,Positive,Tamil Nadu,Teacher
Male,No,1,Graduate,Salaried,25258,0,8148838,240,1,Rural,35,Approved,639,303096,0.0,Home,0,2,0,2,593860,No,Spouse,14923,Public,BLR-003,Yes,No,26.885,Negative,Delhi,Factory Worker
Female,Yes,0,Graduate,Unemployed,5736,0,621112,24,0,Semiurban,34,Rejected,537,68832,10.045,Education,57616,3,0,1,0,No,Friend,5736,Public,DEL-001,Yes,Yes,9.024,Positive,Uttar Pradesh,Chartered Accountant
Male,No,1,Graduate,Self-Employed,3000,3334,2492006,240,1,Urban,35,Rejected,688,76008,4.049,Home,25647,1,0,2,0,No,Friend,6334,Startup,CHN-007,Yes,Yes,32.786,Neutral,Gujarat,Teacher
Male,Yes,0,Not Graduate,Salaried,46522,0,184353,36,1,Urban,28,Approved,624,558264,0.082,Renovation,3796,1,0,2,1051529,No,Sibling,16798,Startup,DEL-001,Yes,Yes,0.33,Negative,Tamil Nadu,Factory Worker
Male,Yes,0,Not Graduate,Unemployed,3048,1274,2046524,120,1,Rural,41,Rejected,691,51864,3.911,Business,16905,2,0,0,0,No,Friend,4322,Startup,KOL-004,Yes,Yes,39.459,Positive,Delhi,Government Officer
Male,Yes,0,Not Graduate,Salaried,33942,0,111128,24,1,Urban,45,Approved,622,407304,0.515,Medical,17473,2,0,5,1625629,No,Spouse,12807,MNC,KOL-004,No,Yes,0.273,Positive,Tamil Nadu,Medical Representative
Other,Yes,0,Not Graduate,Salaried,56406,16487,576665,60,1,Urban,55,Approved,681,874716,0.0,Personal,0,0,0,3,2129060,No,Spouse,36408,Startup,CHN-007,No,Yes,0.659,Neutral,Tamil Nadu,Nurse
Female,No,0,Graduate,Self-Employed,3000,2176,2533699,300,1,Urban,46,Approved,656,62112,0.0,Home,0,4,0,1,114601,No,Unknown,2000,Private,CHN-007,Yes,Yes,40.792,Positive,Kerala,Marketing Executive
Female,No,0,Graduate,Salaried,28766,29110,94277,48,1,Semiurban,22,Approved,661,694512,0.0,Renovation,0,0,0,4,2184796,No,Spouse,25831,Startup,DEL-001,Yes,Yes,0.136,Negative,Kerala,Government Officer
Female,Yes,0,Graduate,Self-Employed,27673,0,616249,360,1,Semiurban,39,Approved,715,332076,0.553,Home,15304,2,0,1,0,No,Friend,8611,Government,HYD-005,Yes,Yes,1.856,Positive,West Bengal,Civil Engineer
Male,Yes,0,Graduate,Salaried,64925,0,420080,36,1,Rural,18,Rejected,659,779100,0.906,Personal,58842,0,0,2,2143879,Yes,Parent,26366,MNC,MUM-002,Yes,No,0.539,Negative,Tamil Nadu,Driver
Male,No,0,Graduate,Salaried,12511,0,178489,24,0,Urban,36,Approved,591,150132,0.0,Medical,0,2,0,2,0,Yes,Unknown,2000,Private,CHN-007,Yes,Yes,1.189,Positive,Uttar Pradesh,Factory Worker
Male,Yes,0,Graduate,Salaried,87779,1947,724461,36,0,Rural,44,Rejected,671,1076712,0.607,Education,54459,2,2,5,3708799,No,Spouse,41140,Government,HYD-005,No,Yes,0.673,Negative,Punjab,Software Engineer
Male,Yes,0,Graduate,Salaried,62712,68884,6499378,300,1,Urban,30,Approved,706,1579152,0.031,Home,4031,0,0,3,5522964,Yes,Parent,62878,Government,DEL-001,Yes,Yes,4.116,Negative,Uttar Pradesh,Government Officer
Male,Yes,1,Graduate,Salaried,43497,0,156576,48,1,Rural,37,Approved,669,521964,0.675,Medical,29365,0,0,4,1966787,Yes,Parent,19792,Government,PUNE-006,Yes,Yes,0.3,Neutral,Uttar Pradesh,Bank Officer
Male,No,2,Graduate,Self-Employed,58157,0,3709466,360,1,Rural,39,Approved,762,697884,0.155,Business,8990,2,0,7,2875096,Yes,Unknown,22607,Private,MUM-002,Yes,Yes,5.315,Negative,West Bengal,Medical Representative
Male,Yes,0,Not Graduate,Salaried,15573,0,301841,360,0,Rural,41,Approved,578,186876,3.043,Business,47388,1,0,6,1124524,Yes,Unknown,13751,Private,BLR-003,Yes,No,1.615,Negative,Punjab,Civil Engineer
Male,No,0,Graduate,Salaried,12329,6856,4811735,180,1,Urban,30,Rejected,621,230220,3.137,Home,60191,1,0,3,1297373,No,Sibling,2000,Private,BLR-003,Yes,No,20.901,Negative,Karnataka,Civil Engineer
Male,Yes,0,Not Graduate,Retired,30612,0,4525309,300,1,Rural,24,Rejected,715,367344,0.907,Home,27777,1,0,0,199730,No,Unknown,18953,MNC,HYD-005,Yes,Yes,12.319,Negative,Uttar Pradesh,Marketing Executive
Female,Yes,0,Not Graduate,Salaried,36864,17029,2624740,300,1,Rural,26,Approved,734,646716,0.404,Home,21791,1,0,5,1338255,No,Sibling,18445,Government,BLR-003,Yes,Yes,4.059,Negative,Uttar Pradesh,Bank Officer
Male,No,0,Not Graduate,Salaried,27484,13865,4527861,360,1,Semiurban,32,Rejected,763,496188,1.06,Home,43834,2,0,2,1996148,No,Company,25002,Startup,BLR-003,Yes,Yes,9.125,Negative,Karnataka,Marketing Executive
Male,Yes,1,Not Graduate,Salaried,74560,0,3472716,240,0,Rural,25,Approved,529,894720,0.048,Home,3555,0,0,1,3007200,No,Spouse,35968,MNC,BLR-003,Yes,Yes,3.881,Negative,Kerala,Electrician
Male,Yes,0,Graduate,Salaried,34382,25519,10549586,300,1,Rural,39,Rejected,796,718812,0.724,Home,43342,2,0,0,2691382,Yes,Company,18952,Private,BLR-003,No,Yes,14.676,Positive,Tamil Nadu,Bank Officer
Male,No,0,Not Graduate,Salaried,59566,51348,96861,240,1,Rural,41,Approved,656,1330968,0.188,Business,20851,0,0,1,3856191,Yes,Unknown,47541,Government,DEL-001,Yes,Yes,0.073,Neutral,Maharashtra,Electrician
Male,Yes,1,Graduate,Self-Employed,3000,4762,424314,36,1,Semiurban,23,Rejected,665,93144,1.713,Personal,13300,1,0,0,265440,No,Spouse,3935,Startup,BLR-003,Yes,Yes,4.555,Positive,Karnataka,Medical Representative
Female,Yes,1,Not Graduate,Salaried,15968,0,171946,24,0,Semiurban,28,Rejected,540,191616,1.323,Renovation,21133,1,1,3,0,No,Parent,8019,MNC,KOL-004,Yes,Yes,0.897,Positive,Tamil Nadu,Electrician
Male,No,0,Graduate,Salaried,80592,0,160215,60,1,Urban,42,Approved,762,967104,0.426,Education,34344,1,0,1,2367496,No,Spouse,41433,Private,BLR-003,Yes,Yes,0.166,Neutral,Delhi,Medical Representative
Female,Yes,0,Graduate,Retired,27515,0,715728,36,1,Urban,46,Rejected,730,330180,0.854,Auto,23492,2,0,2,1101516,No,Sibling,17076,Startup,CHN-007,Yes,Yes,2.168,Neutral,Punjab,Nurse
Female,Yes,2,Not Graduate,Salaried,25503,0,519047,48,1,Rural,50,Approved,641,306036,1.656,Education,42232,1,0,3,541729,No,Spouse,15529,Public,DEL-001,Yes,Yes,1.696,Positive,Gujarat,Factory Worker
Male,No,0,Graduate,Self-Employed,29134,0,4676049,360,0,Semiurban,28,Rejected,467,349608,0.611,Home,17803,1,0,7,912712,Yes,Parent,17937,MNC,MUM-002,Yes,Yes,13.375,Neutral,Telangana,Software Engineer
Female,Yes,1,Graduate,Salaried,96080,57875,2701920,120,1,Semiurban,31,Approved,690,1847460,0.133,Business,20513,1,0,3,5420668,Yes,Spouse,65513,Public,BLR-003,Yes,No,1.463,Negative,Punjab,Bank Officer
Male,Yes,1,Graduate,Self-Employed,29060,0,977640,180,1,Rural,29,Rejected,739,348720,1.128,Business,32782,1,0,3,127340,No,Unknown,5126,MNC,CHN-007,Yes,Yes,2.804,Neutral,Punjab,Bank Officer
Female,No,1,Graduate,Salaried,5955,2944,1604286,180,0,Semiurban,22,Rejected,589,106788,2.018,Business,17959,0,0,3,0,No,Friend,2000,Private,DEL-001,Yes,Yes,15.023,Negative,Kerala,Medical Representative
Male,Yes,0,Graduate,Self-Employed,61683,35719,4074864,240,1,Urban,42,Approved,618,1168824,0.552,Home,53718,2,0,0,4021400,No,Spouse,41760,Government,DEL-001,No,Yes,3.486,Neutral,Kerala,Customer Support Executive
Female,No,3,Graduate,Salaried,35040,0,3081876,360,1,Rural,27,Rejected,774,420480,1.12,Business,39242,1,0,2,1148883,No,Sibling,15032,Public,MUM-002,Yes,Yes,7.329,Positive,West Bengal,Electrician
Male,No,1,Not Graduate,Salaried,58544,0,19264,360,1,Semiurban,25,Approved,698,702528,0.213,Home,12495,1,0,4,2092727,Yes,Friend,32649,Private,BLR-003,Yes,Yes,0.027,Neutral,Telangana,Marketing Executive
Male,Yes,2,Graduate,Salaried,54261,0,4190932,180,1,Semiurban,29,Approved,732,651132,0.0,Home,0,1,0,9,1855648,No,Sibling,25218,Government,MUM-002,Yes,Yes,6.436,Negative,Gujarat,Chartered Accountant
Female,Yes,0,Graduate,Salaried,9019,7897,6749494,120,1,Rural,41,Rejected,707,202992,0.645,Home,10918,1,0,4,621020,No,Unknown,9045,Government,HYD-005,No,No,33.25,Negative,Kerala,Software Engineer
Male,Yes,0,Graduate,Self-Employed,86710,0,223942,36,1,Semiurban,38,Approved,640,1040520,0.013,Education,1111,1,0,3,3376391,No,Spouse,41411,Public,KOL-004,Yes,Yes,0.215,Negative,Uttar Pradesh,Civil Engineer
Female,Yes,1,Graduate,Salaried,17298,8547,1413164,360,0,Semiurban,45,Rejected,610,310140,0.467,Home,12066,1,3,3,876749,No,Parent,14476,Private,DEL-001,Yes,Yes,4.557,Negative,Karnataka,Bank Officer
Male,Yes,0,Graduate,Unemployed,18399,0,1704695,240,1,Urban,18,Rejected,695,220788,1.979,Business,36419,2,0,2,1014267,Yes,Parent,8653,MNC,DEL-001,Yes,Yes,7.721,Neutral,Delhi,Medical Representative
Male,Yes,0,Not Graduate,Salaried,63106,75427,3391739,240,1,Urban,33,Approved,737,1662396,0.03,Business,4118,0,0,1,5331944,No,Parent,52858,MNC,MUM-002,Yes,Yes,2.04,Negative,Tamil Nadu,Teacher
Male,Yes,2,Graduate,Self-Employed,55486,0,1628950,300,1,Urban,35,Approved,675,665832,0.603,Home,33468,0,0,11,2516258,No,Parent,30149,Government,CHN-007,No,Yes,2.446,Positive,West Bengal,Electrician
Female,Yes,0,Graduate,Unemployed,11649,0,8090176,300,1,Urban,32,Approved,666,139788,0.0,Home,0,2,0,0,1152350,No,Unknown,4541,Public,HYD-005,Yes,Yes,57.875,Negative,Delhi,IT Consultant
Female,Yes,0,Graduate,Salaried,63883,0,1777496,180,1,Urban,40,Rejected,660,766596,0.475,Business,30332,2,0,1,2446455,Yes,Spouse,21486,Government,CHN-007,No,Yes,2.319,Positive,Uttar Pradesh,Factory Worker
Male,Yes,0,Graduate,Salaried,56179,50882,872261,180,1,Rural,30,Approved,732,1284732,0.0,Business,0,0,0,1,3839362,No,Company,42495,Government,CHN-007,Yes,Yes,0.679,Negative,Delhi,Delivery Partner
Male,Yes,0,Graduate,Retired,36719,0,2925408,240,1,Semiurban,30,Rejected,688,440628,0.415,Home,15224,1,0,4,1496662,Yes,Sibling,7265,Private,HYD-005,Yes,No,6.639,Neutral,West Bengal,Software Engineer
Female,Yes,0,Graduate,Self-Employed,83667,97225,7761827,360,1,Urban,36,Approved,637,2170704,0.172,Home,31072,1,0,2,5882432,No,Friend,84627,MNC,DEL-001,Yes,Yes,3.576,Neutral,Delhi,IT Consultant
Male,Yes,1,Graduate,Salaried,67355,0,104056,240,1,Urban,42,Approved,694,808260,0.0,Business,0,0,0,0,2310743,Yes,Spouse,29982,Government,PUNE-006,Yes,Yes,0.129,Positive,Karnataka,Shopkeeper
Female,Yes,0,Not Graduate,Retired,7943,0,1437237,48,0,Rural,36,Approved,667,95316,0.0,Auto,0,1,1,8,845032,No,Spouse,2000,MNC,DEL-001,Yes,Yes,15.079,Positive,Gujarat,Marketing Executive
Male,No,0,Graduate,Unemployed,10823,0,157333,120,1,Semiurban,37,Rejected,612,129876,4.681,Business,50664,1,0,1,1172538,Yes,Spouse,7974,Government,HYD-005,Yes,Yes,1.211,Positive,Maharashtra,Civil Engineer
Male,Yes,2,Not Graduate,Unemployed,7903,8399,1534579,60,0,Urban,32,Rejected,727,195624,2.125,Business,34637,0,1,0,965359,No,Unknown,9058,MNC,MUM-002,Yes,Yes,7.845,Positive,Delhi,Customer Support Executive
Female,No,2,Graduate,Self-Employed,3000,0,414552,36,0,Semiurban,37,Rejected,577,36000,0.0,Auto,0,0,0,0,39938,Yes,Unknown,3000,Private,HYD-005,Yes,Yes,11.515,Negative,Gujarat,Factory Worker
Male,Yes,3,Graduate,Self-Employed,83038,0,3761899,360,1,Semiurban,18,Rejected,613,996456,0.224,Home,18580,1,0,5,2620580,No,Spouse,37067,Startup,CHN-007,Yes,No,3.775,Positive,Uttar Pradesh,Farmer
Male,No,3,Not Graduate,Unemployed,4802,0,1734570,180,1,Semiurban,38,Rejected,627,57624,5.627,Business,27021,1,0,1,565795,No,Sibling,2000,Government,HYD-005,Yes,Yes,30.102,Neutral,West Bengal,Civil Engineer
Male,No,0,Not Graduate,Retired,15740,1491,8747289,360,1,Urban,18,Rejected,600,206772,1.37,Home,23600,0,0,1,0,No,Unknown,16302,Private,PUNE-006,Yes,Yes,42.304,Neutral,Telangana,Farmer
Female,Yes,0,Not Graduate,Salaried,81985,75903,1129441,60,1,Rural,43,Approved,608,1894656,0.194,Auto,30633,1,0,0,5606295,No,Friend,73026,MNC,KOL-004,Yes,No,0.596,Neutral,Maharashtra,Customer Support Executive
Male,Yes,0,Graduate,Unemployed,19396,0,2676717,360,1,Rural,45,Rejected,637,232752,1.853,Business,35933,1,0,0,1240154,No,Unknown,6775,Government,MUM-002,Yes,Yes,11.5,Negative,Karnataka,Marketing Executive
Male,Yes,3,Graduate,Salaried,75517,123461,9081038,300,1,Semiurban,38,Approved,709,2387736,0.203,Home,40483,0,0,3,7365581,Yes,Parent,85400,Private,MUM-002,Yes,Yes,3.803,Positive,Gujarat,Software Engineer
Female,Yes,0,Not Graduate,Salaried,67489,0,606873,12,1,Rural,38,Approved,661,809868,0.496,Renovation,33473,1,0,4,2018870,No,Friend,28224,Public,MUM-002,Yes,Yes,0.749,Neutral,Tamil Nadu,IT Consultant
Female,No,3,Graduate,Retired,25455,9985,824694,180,1,Rural,44,Approved,793,425280,0.349,Business,12354,1,0,1,1417105,No,Friend,5541,Public,MUM-002,No,No,1.939,Neutral,Maharashtra,Civil Engineer
Male,Yes,0,Graduate,Salaried,82977,0,331115,24,1,Urban,31,Approved,639,995724,0.0,Personal,0,1,0,1,2872272,No,Spouse,38908,MNC,MUM-002,Yes,Yes,0.333,Positive,Tamil Nadu,Shopkeeper
Female,Yes,2,Graduate,Unemployed,7539,0,655922,36,0,Urban,42,Rejected,579,90468,1.186,Personal,8940,1,0,1,0,No,Company,2000,Private,DEL-001,Yes,Yes,7.25,Negative,Maharashtra,Factory Worker
Female,Yes,1,Graduate,Self-Employed,3000,177,2965307,360,1,Urban,35,Approved,654,38124,0.0,Home,0,0,0,7,0,No,Parent,2000,Private,PUNE-006,No,Yes,77.781,Positive,Gujarat,Delivery Partner
Female,No,1,Graduate,Self-Employed,64203,0,356311,48,0,Rural,33,Approved,654,770436,0.078,Personal,4984,0,1,1,2579159,Yes,Friend,30192,Public,KOL-004,Yes,Yes,0.462,Positive,Kerala,Nurse
Male,Yes,0,Graduate,Salaried,80625,0,360841,36,1,Semiurban,36,Approved,617,967500,0.089,Education,7144,0,0,0,2683831,No,Parent,44903,Startup,PUNE-006,Yes,Yes,0.373,Negative,Uttar Pradesh,Small Business Owner
Male,Yes,0,Graduate,Salaried,19329,11950,4985087,360,0,Semiurban,30,Rejected,579,375348,0.0,Home,0,2,0,1,516677,No,Unknown,6745,Government,BLR-003,Yes,Yes,13.281,Negative,Tamil Nadu,Factory Worker
Female,Yes,0,Graduate,Salaried,16115,7229,730929,36,1,Rural,31,Rejected,735,280128,1.229,Auto,28684,1,0,5,376733,No,Parent,6796,Private,PUNE-006,Yes,Yes,2.609,Positive,Telangana,Factory Worker
Female,Yes,2,Graduate,Salaried,42404,0,456025,36,1,Semiurban,31,Approved,693,508848,0.765,Education,32441,0,0,0,1542526,No,Parent,19958,Public,PUNE-006,Yes,Yes,0.896,Neutral,Punjab,Government Officer
Male,Yes,2,Graduate,Self-Employed,49540,0,1391088,180,1,Urban,23,Approved,628,594480,1.023,Home,50699,3,0,5,1599470,No,Sibling,20518,Government,CHN-007,Yes,Yes,2.34,Positive,Telangana,Chartered Accountant
Male,No,1,Graduate,Salaried,20590,0,269155,36,1,Semiurban,48,Approved,612,247080,0.893,Education,18395,1,0,2,193937,No,Friend,7399,Government,DEL-001,Yes,Yes,1.089,Neutral,Kerala,Software Engineer
Male,No,0,Graduate,Salaried,66447,0,9079130,360,1,Urban,42,Rejected,658,797364,0.762,Home,50614,3,0,2,2235888,No,Sibling,26320,Public,CHN-007,Yes,No,11.386,Negative,Karnataka,Chartered Accountant
Female,No,1,Not Graduate,Salaried,42525,20563,400071,48,1,Urban,36,Approved,642,757056,0.328,Personal,20680,1,0,2,2128141,Yes,Unknown,16468,MNC,BLR-003,Yes,Yes,0.528,Positive,Tamil Nadu,Chartered Accountant
Female,Yes,0,Not Graduate,Self-Employed,27598,0,3709628,360,1,Rural,28,Rejected,673,331176,0.682,Business,18822,1,0,0,1001816,Yes,Unknown,13017,Government,DEL-001,Yes,Yes,11.201,Positive,Telangana,Customer Support Executive
Female,Yes,3,Graduate,Salaried,57507,0,6692825,360,1,Rural,26,Rejected,649,690084,0.322,Home,18516,0,0,0,1894025,No,Company,19530,Public,PUNE-006,Yes,No,9.699,Neutral,Karnataka,Small Business Owner
Male,No,0,Not Graduate,Salaried,48991,28776,1281344,48,1,Rural,34,Approved,618,933204,0.0,Auto,0,2,0,0,2995748,No,Unknown,36501,Private,HYD-005,Yes,Yes,1.373,Negative,Telangana,Factory Worker
Male,Yes,2,Graduate,Self-Employed,11652,10947,479663,36,1,Rural,37,Rejected,650,271188,2.048,Auto,46291,2,0,2,767318,No,Parent,12757,Private,BLR-003,Yes,Yes,1.769,Positive,Uttar Pradesh,Driver
Female,No,1,Not Graduate,Salaried,124758,0,85179,36,0,Semiurban,22,Approved,577,1497096,0.224,Personal,27996,2,0,8,5098730,No,Unknown,59468,Private,CHN-007,Yes,Yes,0.057,Negative,Karnataka,Driver
Female,Yes,1,Graduate,Salaried,64907,0,3186259,120,1,Semiurban,33,Approved,720,778884,0.497,Home,32276,0,0,3,1704468,No,Sibling,32118,Government,BLR-003,Yes,Yes,4.091,Negative,Karnataka,Factory Worker
Female,Yes,1,Graduate,Salaried,42003,0,1343880,60,1,Rural,49,Rejected,716,504036,0.899,Auto,37753,1,0,6,1553098,No,Unknown,19619,Public,BLR-003,Yes,No,2.666,Neutral,Uttar Pradesh,Government Officer
Male,Yes,0,Not Graduate,Salaried,32975,0,4849437,120,1,Rural,32,Rejected,646,395700,1.354,Home,44653,0,0,0,2009586,No,Sibling,14578,Public,BLR-003,Yes,Yes,12.255,Positive,Kerala,Bank Officer
Female,Yes,2,Not Graduate,Salaried,53819,66776,6902758,240,1,Urban,38,Approved,694,1447140,0.0,Home,0,1,0,0,4795091,Yes,Unknown,45620,Private,BLR-003,Yes,Yes,4.77,Negative,Telangana,Medical Representative
Male,Yes,1,Graduate,Salaried,13966,0,483828,36,1,Urban,40,Approved,701,167592,1.205,Personal,16830,2,0,1,0,No,Spouse,4702,MNC,BLR-003,Yes,Yes,2.887,Positive,Maharashtra,Government Officer
Male,Yes,1,Graduate,Salaried,58579,33868,224319,12,0,Rural,30,Approved,603,1109364,0.073,Personal,6705,2,2,1,2448983,No,Sibling,39562,Government,CHN-007,Yes,Yes,0.202,Neutral,Kerala,Nurse
Male,No,2,Graduate,Salaried,40224,19089,6818332,120,0,Semiurban,47,Rejected,588,711756,0.608,Home,36082,1,0,6,1919288,Yes,Unknown,31121,Government,MUM-002,No,Yes,9.58,Neutral,Uttar Pradesh,Delivery Partner
Male,Yes,0,Graduate,Retired,42145,0,870783,48,1,Rural,42,Rejected,675,505740,0.886,Auto,37331,0,0,0,1176752,No,Parent,23064,Government,DEL-001,Yes,Yes,1.722,Neutral,Telangana,Driver
Male,Yes,0,Graduate,Salaried,58010,0,741237,36,1,Semiurban,54,Approved,786,696120,0.039,Auto,2290,0,0,0,2690563,No,Spouse,15858,Startup,PUNE-006,Yes,No,1.065,Positive,Telangana,Factory Worker
Male,Yes,1,Graduate,Salaried,44713,0,5883603,360,1,Urban,35,Approved,707,536556,0.116,Home,5165,1,0,2,1895538,Yes,Sibling,11899,MNC,HYD-005,Yes,Yes,10.965,Neutral,Tamil Nadu,Medical Representative
Male,No,2,Graduate,Salaried,70886,0,2780228,300,0,Semiurban,37,Rejected,561,850632,0.284,Home,20102,1,0,1,2413969,No,Spouse,32458,MNC,KOL-004,Yes,No,3.268,Negative,Kerala,Customer Support Executive
Female,No,1,Graduate,Salaried,24392,11337,301249,24,1,Semiurban,28,Approved,725,428748,0.966,Education,34514,2,0,0,1631635,No,Friend,22977,Startup,PUNE-006,Yes,Yes,0.703,Positive,Delhi,Driver
Female,No,2,Graduate,Salaried,64803,94136,719891,48,1,Urban,33,Approved,679,1907268,0.214,Auto,34000,1,0,4,5000832,No,Parent,72376,Private,BLR-003,Yes,Yes,0.377,Negative,Gujarat,Electrician
Female,Yes,0,Graduate,Self-Employed,22938,0,61019,120,1,Rural,24,Approved,690,275256,0.664,Business,15226,0,0,0,0,Yes,Sibling,16105,Government,BLR-003,Yes,Yes,0.222,Neutral,Uttar Pradesh,Marketing Executive
